Title,Project Link,Github,Github Alias,Final Selected,num_developers,total_commits,first_commit_date,last_commit_date,file_count,"""Contact Us""",Formal Feedback
InvestigativeCenters,https://investigativecenters.org/,https://github.com/ANCIR/InvestigativeCenters.org,ANCIR/InvestigativeCenters.org,No,4,179,2014-05-27T17:00:28+00:00,2025-03-05T10:26:49+00:00,341,,
Bikespace,https://bikespace.ca/,https://github.com/bikespace/bikespace,bikespace/bikespace,Yes,16,398,2019-02-19T23:46:08+00:00,2026-05-28T01:27:45+00:00,847,yes ,no
Canadian SaaS,https://canadian-software.github.io/web/#/,https://github.com/canadian-software/web,canadian-software/web,No,1,91,2026-01-29T20:17:42+00:00,2026-04-14T22:31:07+00:00,52,,
Společně a digitálně,https://spolecneadigitalne.cz/,https://github.com/cesko-digital/spolecne-a-digitalne,cesko-digital/spolecne-a-digitalne,No,5,37,2021-11-17T06:57:14+00:00,2025-02-19T12:46:15+00:00,30,,
Pol.is Toronto,https://choruslabs.github.io/chorus/,https://github.com/choruslabs/chorus,choruslabs/chorus,Yes,11,373,2024-11-27T11:29:20+00:00,2026-04-29T00:28:06+00:00,213,yes,yes
Urban Scratch-off,https://chriswhong.github.io/urbanscratchoff/,https://github.com/chriswhong/urbanscratchoff,chriswhong/urbanscratchoff,No,1,28,2015-12-03T15:03:09+00:00,2022-06-08T01:08:31+00:00,9,,
Chileleaks,https://chileleaks.org/index.html,https://github.com/ciudadanointeligente/chileleaks,ciudadanointeligente/chileleaks,No,6,543,2018-10-08T18:09:01+00:00,2023-03-16T20:26:14+00:00,113,,
Escuela de Incidencia,,https://github.com/ciudadanointeligente/escueladeincidencia.github.io,ciudadanointeligente/escueladeincidencia.github.io,No,13,324,2017-03-13T12:03:22+00:00,2023-03-29T18:26:01+00:00,309,,
nomascohecho No More Bribery,https://nomascohecho.cl/,https://github.com/ciudadanointeligente/no-mas-cohecho,ciudadanointeligente/no-mas-cohecho,No,20,524,2013-10-14T15:52:03+00:00,2023-03-16T22:07:52+00:00,250,,
Vote Smart,https://votainteligente.cl/,https://github.com/ciudadanointeligente/votainteligente-portal-electoral,ciudadanointeligente/votainteligente-portal-electoral,No,29,4766,2013-08-07T19:44:19+00:00,2019-08-24T01:08:15+00:00,3308,,
Civic Dashboard,https://civicdashboard.ca/,https://github.com/civic-dashboard/civic-dashboard-web,civic-dashboard/civic-dashboard-web,Yes,23,200,2024-10-31T15:50:24+00:00,2026-05-27T00:51:54+00:00,227,yes,yes
missing persons,https://civictechto.github.io/missing-persons/,https://github.com/CivicTechTO/missing-persons,CivicTechTO/missing-persons,No,5,215,2022-05-04T00:55:03+00:00,2023-10-10T20:17:54+00:00,83,,
tRacket - Noise Meter Project,https://tracket.info/,https://github.com/CivicTechTO/tRacket-directory-START-HERE,CivicTechTO/tRacket-directory-START-HERE,No,4,46,2024-01-24T14:58:32+00:00,2024-11-01T12:19:02+00:00,1,,
CivicTechWR/accessible-housing-portal,,https://github.com/CivicTechWR/accessible-housing-portal,CivicTechWR/accessible-housing-portal,Yes,42,3483,2019-07-18T07:35:34+00:00,2026-05-27T17:20:04+00:00,259,yes,yes
Affordable Housing Porta,https://affordablehousing.ctwr.org/listings,https://github.com/CivicTechWR/affordable-housing-portal,CivicTechWR/affordable-housing-portal,No,42,3483,2019-07-18T07:35:34+00:00,2026-05-27T17:20:04+00:00,259,,
ConnectedKW,https://www.connectedkw.com/,https://github.com/CivicTechWR/connectedkw,CivicTechWR/connectedkw,Yes,18,414,2022-11-23T21:15:56+00:00,2025-12-10T05:56:11+00:00,248,yes,yes
GO Train,,https://github.com/CivicTechWR/go-train-group-pass,CivicTechWR/go-train-group-pass,Yes,7,110,2025-10-07T20:48:17+00:00,2026-06-04T13:00:46+00:00,115,yes,yes
Midtown Radio App,https://www.midtownradio.ca/,https://github.com/CivicTechWR/MidtownRadioApp,CivicTechWR/MidtownRadioApp,No,7,162,2025-03-27T23:47:08+00:00,2025-10-14T01:55:23+00:00,300,,
LoMo ,,https://github.com/CivicTechWR/project-lomo,CivicTechWR/project-lomo,No,5,38,2026-01-17T13:25:08+00:00,2026-05-27T22:31:40+00:00,277,,
Plan to End Chronic Homelessness (PECH),https://project-pech-civictech.vercel.app/,https://github.com/CivicTechWR/project-pech,CivicTechWR/project-pech,Yes,6,186,2025-07-03T21:16:41+00:00,2025-12-15T16:42:13+00:00,116,no,no
Waterloo Region Votes,https://development.waterlooregionvotes.org/,https://github.com/CivicTechWR/WRVotesPlaceholder,CivicTechWR/WRVotesPlaceholder,Yes,16,2144,2018-03-28T23:45:51+00:00,2026-06-04T18:41:18+00:00,136,Yes,Yes
CiviForm,https://civiform.us/,https://github.com/civiform/civiform,civiform/civiform,Yes,92,7921,2021-01-06T01:24:43+00:00,2026-06-04T21:54:17+00:00,2372,Yes,No
StadtratWatch,https://www.stadtratwatch.de/,https://github.com/code-for-magdeburg/StadtratWatch-web,code-for-magdeburg/StadtratWatch-web,Yes,2,389,2023-10-12T18:23:56+00:00,2026-05-21T19:57:47+00:00,986,Yes,No
academy.AFRICA,https://academy.africa/,https://github.com/CodeForAfrica/academy.AFRICA,CodeForAfrica/academy.AFRICA,Yes,3,702,2023-10-12T14:05:56+00:00,2026-03-18T07:53:13+00:00,404,Yes,No
CodeForAfrica/actNOW,,https://github.com/CodeForAfrica/actNOW,CodeForAfrica/actNOW,Yes,5,2117,2021-04-19T13:49:32+00:00,2026-05-26T11:56:53+00:00,125,Yes,No
africanCOMMONS,https://commons.africa/,https://github.com/CodeForAfrica/africanCOMMONS,CodeForAfrica/africanCOMMONS,No,7,111,2017-02-01T09:12:23+00:00,2019-02-18T09:47:19+00:00,278,,
#AlertME,https://greenalert.oxpeckers.org/,https://github.com/CodeForAfrica/AlertME,CodeForAfrica/AlertME,No,353,5960,2011-06-09T04:45:08+00:00,2025-10-23T11:49:24+00:00,332,,
Dominion,https://dominion.africa/,https://github.com/CodeForAfrica/Dominion.AFRICA,CodeForAfrica/Dominion.AFRICA,Yes,7,574,2019-07-17T14:10:48+00:00,2025-09-17T08:44:36+00:00,194,Yes,No
GenderGap.AFRICA,https://gendergap.africa/,https://github.com/CodeForAfrica/GenderGap.AFRICA,CodeForAfrica/GenderGap.AFRICA,Yes,11,254,2017-03-21T14:49:03+00:00,2025-09-01T23:22:13+00:00,105,Yes,No
HURUmap,https://hurumap.org/,https://github.com/CodeForAfrica/HURUmap,CodeForAfrica/HURUmap,No,4,362,2018-05-19T14:36:57+00:00,2019-12-04T09:18:24+00:00,173,,
openAFRICA ,https://open.africa/,https://github.com/CodeForAfrica/openAFRICA,CodeForAfrica/openAFRICA,Yes,6,154,2017-08-30T14:06:00+00:00,2025-10-16T10:27:31+00:00,30,Yes,No
COVID19map,https://covid19.outbreak.africa/,https://github.com/CodeForAfrica/outbreak.AFRICA,CodeForAfrica/outbreak.AFRICA,Yes,11,1352,2020-03-19T05:12:00+00:00,2025-10-10T09:11:50+00:00,357,No,No
PesaYetu,https://pesayetu.pesacheck.org/explore/ke,https://github.com/CodeForAfrica/PesaYetu,CodeForAfrica/PesaYetu,No,14,2741,2019-09-11T06:19:04+00:00,2024-06-18T08:52:15+00:00,505,,
promisetracker,https://promisetracker.dev.codeforafrica.org/,https://github.com/CodeForAfrica/PromiseTracker,CodeForAfrica/PromiseTracker,Yes,4,445,2025-08-12T11:13:07+00:00,2026-05-06T08:05:33+00:00,266,No,No
sensors.AFRICA,https://sensors.africa/,https://github.com/CodeForAfrica/sensors.AFRICA,CodeForAfrica/sensors.AFRICA,Yes,19,1274,2018-03-23T08:27:36+00:00,2026-05-18T12:18:11+00:00,242,Yes,No
stormwatch,https://stormwatch.sensors.africa/,https://github.com/CodeForAfrica/sensors.AFRICA-StormWatch,CodeForAfrica/sensors.AFRICA-StormWatch,No,2,12,2018-05-16T05:04:19+00:00,2018-08-10T13:22:59+00:00,110,,
sourceAFRICA ,https://sourceafrica.net/,https://github.com/CodeForAfrica/sourceAFRICA,CodeForAfrica/sourceAFRICA,No,22,7706,2009-08-06T15:01:33+00:00,2018-12-31T15:19:45+00:00,1206,,
TaxClock - Kenya,https://taxclock.pesacheck.org/,https://github.com/CodeForAfrica/TaxClock.Kenya,CodeForAfrica/TaxClock.Kenya,No,11,252,2016-02-22T14:00:51+00:00,2025-03-13T12:54:43+00:00,100,,
CodeForAfrica/ui,,https://github.com/CodeForAfrica/ui,CodeForAfrica/ui,Yes,19,10994,2022-07-13T08:26:07+00:00,2026-06-01T08:43:21+00:00,4066,No,No
civicsignal,https://civicsignal.africa/#/home,https://github.com/CodeForAfrica/web-tools,CodeForAfrica/web-tools,No,15,6861,2016-03-08T16:03:16+00:00,2025-06-27T06:08:24+00:00,1559,,
asap_pdf,,https://github.com/codeforamerica/asap_pdf,codeforamerica/asap_pdf,Yes,6,605,2025-01-31T21:38:58+00:00,2026-05-11T23:18:35+00:00,371,Yes,No
Maryland Eligibility Determination,https://cmr-maryland-eligibility-determination.streamlit.app/,https://github.com/codeforamerica/cmr-maryland-eligibility-determination,codeforamerica/cmr-maryland-eligibility-determination,Yes,1,49,2025-03-04T21:42:06+00:00,2026-01-27T21:40:07+00:00,16,Yes,No
document-transfer-service,,https://github.com/codeforamerica/document-transfer-service,codeforamerica/document-transfer-service,Yes,1,13,2024-05-07T15:36:24+00:00,2025-07-02T20:15:15+00:00,166,No,No
Dropzone ,https://www.dropzone.dev/,https://github.com/codeforamerica/dropzone,codeforamerica/dropzone,No,65,1100,2012-02-12T16:40:00+00:00,2022-04-02T16:01:52+00:00,47,,
an internal API for efiling,,https://github.com/codeforamerica/efiler-api,codeforamerica/efiler-api,Yes,8,142,2025-06-23T19:40:06+00:00,2026-06-01T18:22:06+00:00,86,No,No
form flow,https://forms-starter.cfa-platforms.org/,https://github.com/codeforamerica/form-flow,codeforamerica/form-flow,Yes,18,1356,2022-09-21T17:03:04+00:00,2026-06-03T22:31:31+00:00,457,No,No
Honeycrisp Design System,https://honeycrisp.herokuapp.com/cfa/styleguide,https://github.com/codeforamerica/honeycrisp-gem,codeforamerica/honeycrisp-gem,No,30,415,2018-07-26T22:31:22+00:00,2026-01-08T19:36:21+00:00,351,,
iac-transit-baseapp,,https://github.com/codeforamerica/iac-transit-baseapp,codeforamerica/iac-transit-baseapp,No,0,40,2025-10-02T20:02:29+00:00,2025-11-05T23:24:05+00:00,56,,
North American Industry Classification System API,,https://github.com/codeforamerica/naics-api,codeforamerica/naics-api,No,3,113,2013-05-21T20:34:20+00:00,2014-02-19T00:35:36+00:00,31,,
Nava Platform,,https://github.com/codeforamerica/nava-platform-tools,codeforamerica/nava-platform-tools,No,2,6,2022-09-09T23:00:33+00:00,2024-05-30T22:01:06+00:00,6,,
Node-SparkXML ,,https://github.com/codeforamerica/node-sparkxml,codeforamerica/node-sparkxml,No,3,35,2012-09-05T03:55:55+00:00,2026-01-03T01:22:57+00:00,7,,
Ohana Web Search,,https://github.com/codeforamerica/ohana-web-search,codeforamerica/ohana-web-search,No,14,2848,2013-03-29T05:42:47+00:00,2024-04-25T01:49:50+00:00,385,,
Prior Year Access,https://pya.fileyourstatetaxes.org/,https://github.com/codeforamerica/pya,codeforamerica/pya,Yes,10,280,2025-05-21T20:41:28+00:00,2026-05-27T18:56:25+00:00,236,Yes,No
RxNorm API,,https://github.com/codeforamerica/rxNorm_php,codeforamerica/rxNorm_php,No,1,25,2011-06-28T18:53:55+00:00,2011-08-06T04:23:49+00:00,5,,
safety-net-blueprint,,https://github.com/codeforamerica/safety-net-blueprint,codeforamerica/safety-net-blueprint,No,4,742,2025-12-08T18:53:15+00:00,2026-06-03T19:22:29+00:00,393,,
State Hosted Integrated Benefits Application,mnbenefits.mn.gov,https://github.com/codeforamerica/shiba,codeforamerica/shiba,No,23,2495,2020-05-06T15:36:11+00:00,2023-04-05T19:24:26+00:00,726,,
link shortener,,https://github.com/codeforamerica/shortener,codeforamerica/shortener,No,2,23,2020-08-04T18:34:12+00:00,2024-04-29T20:42:53+00:00,85,,
speedlify,https://speedlify.codeforamerica.org/,https://github.com/codeforamerica/speedlify-cfa,codeforamerica/speedlify-cfa,No,8,275,2020-06-13T20:04:32+00:00,2024-06-11T17:44:34+00:00,35,,
Surveyjs Creator,,https://github.com/codeforamerica/surveyjs-creator-angular,codeforamerica/surveyjs-creator-angular,No,3,33,2023-12-06T15:07:37+00:00,2024-05-22T16:42:50+00:00,38,,
Tax Benefits,,https://github.com/codeforamerica/tax-benefits-backend,codeforamerica/tax-benefits-backend,Yes,11,196,2024-04-12T19:06:39+00:00,2026-06-02T23:46:11+00:00,231,No,No
OpenTofu ,,https://github.com/codeforamerica/tofu-modules-aws-serverless-database,codeforamerica/tofu-modules-aws-serverless-database,No,3,40,2024-08-07T17:46:12+00:00,2026-03-24T15:39:21+00:00,31,,
The Digital Services Playbook ,https://playbook.usds.gov/,https://github.com/codeforamerica/usds-playbook,codeforamerica/usds-playbook,No,36,284,2014-08-05T22:40:15+00:00,2025-01-24T20:15:08+00:00,144,,
USWDS ,https://designsystem.digital.gov/,https://github.com/codeforamerica/uswds-site,codeforamerica/uswds-site,No,82,11645,2016-07-27T14:34:42+00:00,2025-01-24T23:24:30+00:00,1492,,
Vita-Min,https://www.fileyourstatetaxes.org/en,https://github.com/codeforamerica/vita-min,codeforamerica/vita-min,Yes,53,7259,2019-11-05T00:58:18+00:00,2026-05-29T17:28:27+00:00,4375,No,No
codeforberlin/we-count,,https://github.com/codeforberlin/we-count,codeforberlin/we-count,Yes,4,538,2021-11-30T07:44:00+00:00,2026-05-22T17:06:56+00:00,72,No,No
BaumBie,https://codefor.de/projekte/baumbie_bielefeld/,https://github.com/codeforbielefeld/baumbie,codeforbielefeld/baumbie,Yes,7,263,2024-01-31T21:07:32+00:00,2026-05-07T17:54:15+00:00,171,No,No
Linked Open Statistical Data Bielefeld,,https://github.com/codeforbielefeld/losdb,codeforbielefeld/losdb,Yes,2,28,2020-09-21T20:20:50+00:00,2025-07-28T14:21:42+00:00,36,No,No
Denkmal-4D-Koeln,https://codefor.de/projekte/cologne-denkmal4d/,https://github.com/codeforcologne/Denkmal-4D-Koeln,codeforcologne/Denkmal-4D-Koeln,Yes,3,39,2024-05-31T15:50:58+00:00,2026-03-15T09:54:07+00:00,69,Yes,No
BirdXplorer,,https://github.com/codeforjapan/BirdXplorer,codeforjapan/BirdXplorer,Yes,9,740,2023-09-24T01:43:12+00:00,2026-06-04T08:16:40+00:00,196,No,No
codeforjapan/decidim-cfj,,https://github.com/codeforjapan/decidim-cfj,codeforjapan/decidim-cfj,Yes,13,2044,2020-08-29T07:36:18+00:00,2026-06-02T08:44:53+00:00,991,No,No
CONSUL DEMOCRACY,https://consuldemocracy.org/,https://github.com/CodeforKarlsruhe/consuldemocracy,CodeforKarlsruhe/consuldemocracy,No,149,21078,2015-07-15T11:32:13+00:00,2026-04-23T12:54:19+00:00,8432,,
Leipzig giesst,https://giessdeinviertel.codeforleipzig.de/,https://github.com/CodeforLeipzig/leipziggiesst,CodeforLeipzig/leipziggiesst,Yes,16,1359,2019-08-05T19:46:41+00:00,2026-03-05T08:06:40+00:00,345,Yes,No
lvz-viz,https://lvz-viz.leipzig.codefor.de/,https://github.com/CodeforLeipzig/lvz-viz,CodeforLeipzig/lvz-viz,No,14,1244,2014-06-02T17:55:03+00:00,2026-06-04T02:09:50+00:00,129,,
Leipziger Weihnachtsmarktkarte,https://wo-ist-weihnachtsmarkt.codeforleipzig.de/,https://github.com/CodeforLeipzig/weihnachtsmarktkarte,CodeforLeipzig/weihnachtsmarktkarte,Yes,9,454,2022-11-09T12:12:08+00:00,2025-12-17T18:46:37+00:00,688,No,No
Klimawatch,https://klimawatch.de/,https://github.com/codeformuenster/klimawatch,codeformuenster/klimawatch,Yes,15,264,2019-10-31T16:54:01+00:00,2026-04-23T17:16:20+00:00,199,Yes,No
Cannabis Legislation Tracker,https://tracker.dankreports.com/,https://github.com/Dan-K-Reports/cannabis-legislation-tracker,Dan-K-Reports/cannabis-legislation-tracker,No,1,364,2025-11-19T20:29:49+00:00,2026-06-03T20:41:52+00:00,13,,
Decidim,https://decidim.org/,https://github.com/decidim/decidim,decidim/decidim,No,151,7886,2016-08-17T10:41:48+00:00,2026-06-05T09:48:09+00:00,11453,,
UK elections database,https://elections.democracyclub.org.uk/,https://github.com/DemocracyClub/EveryElection,DemocracyClub/EveryElection,No,17,2485,2016-10-07T10:22:21+00:00,2026-06-03T10:37:13+00:00,514,,
Decidim Census,https://decidim-census.digidemlab.org/,https://github.com/digidemlab/decidim-census,digidemlab/decidim-census,Yes,2,1486,2021-07-05T08:27:36+00:00,2026-06-05T06:04:00+00:00,209,No,No
Din Riksdag,https://dinriksdag.se/,https://github.com/DinRiksdag/dinriksdag,DinRiksdag/dinriksdag,No,1,48,2018-03-20T09:59:25+00:00,2019-07-10T16:12:30+00:00,498,,
OpenRemiss,,https://github.com/DinRiksdag/OpenRemiss,DinRiksdag/OpenRemiss,No,2,25,2018-09-02T13:44:49+00:00,2024-04-25T19:23:44+00:00,35,,
pybikes ,https://citybik.es/,https://github.com/eskerda/pybikes,eskerda/pybikes,No,96,1925,2010-07-16T10:11:30+00:00,2026-05-20T12:26:38+00:00,194,,
EDIA,https://ia.vialibre.org.ar/,https://github.com/fvialibre/heseia-sentence-bias-dataset,fvialibre/heseia-sentence-bias-dataset,No,1,9,2025-05-20T19:55:17+00:00,2025-09-11T22:00:12+00:00,2,,
g0v/tw-rental-house-data,,https://github.com/g0v/tw-rental-house-data,g0v/tw-rental-house-data,Yes,9,383,2018-05-14T13:50:38+00:00,2026-05-03T09:05:04+00:00,251,No,No
Government of Canada Spending ,https://goc-spending.github.io/,https://github.com/GoC-Spending/contracts-data,GoC-Spending/contracts-data,No,2,453,2022-03-21T18:49:29+00:00,2024-06-05T05:21:55+00:00,15642,,
Perma,https://perma.cc/,https://github.com/harvard-lil/perma,harvard-lil/perma,No,39,9362,2013-05-06T20:17:55+00:00,2026-06-04T18:35:11+00:00,829,,
Internet in a Box ,https://internet-in-a-box.org/,https://github.com/iiab/iiab,iiab/iiab,Yes,27,14739,2017-05-27T18:09:50+00:00,2026-06-05T01:39:11+00:00,1058,Yes,No
"Is This Blocked in My Department
",https://isthisblockedinmydepartment.ca/,https://github.com/isthisblocked/isthisblockedinmydepartment.ca,isthisblocked/isthisblockedinmydepartment.ca,No,1,212,2018-09-29T23:36:32+00:00,2024-03-06T05:30:21+00:00,41,,
LimeSurvey,https://www.limesurvey.org/,https://github.com/LimeSurvey/LimeSurvey,LimeSurvey/LimeSurvey,No,238,42988,2003-03-07T13:58:22+00:00,2026-06-05T10:19:17+00:00,21427,,
Luftdata,https://luftdata.se/,https://github.com/luftdata/luftdata.se,luftdata/luftdata.se,No,4,206,2018-01-31T12:46:29+00:00,2025-04-11T12:21:53+00:00,251,,
AI Safety Atlas,ai-safety-atlas.com,https://github.com/markov-root/atlas,markov-root/atlas,No,2,102,2026-01-10T01:46:11+00:00,2026-06-04T13:27:12+00:00,323,,
Meeting Cost Calculator,https://meetingcostcalculator.ca/,https://github.com/meetingcostcalculator/meeting-cost-calculator-hugo-ca,meetingcostcalculator/meeting-cost-calculator-hugo-ca,No,1,36,2019-08-21T02:32:28+00:00,2023-02-07T01:01:29+00:00,22,,
Meshtastic Firmware,,https://github.com/meshtastic/firmware,meshtastic/firmware,Yes,414,11944,2020-02-01T16:30:53+00:00,2026-06-05T01:40:05+00:00,1862,Yes,No
Meshtastic Android,,https://github.com/meshtastic/Meshtastic-Android,meshtastic/Meshtastic-Android,Yes,108,6838,2020-01-20T23:53:22+00:00,2026-06-03T22:07:08+00:00,3403,Yes,No
Meshtastic Web,,https://github.com/meshtastic/web,meshtastic/web,Yes,74,1519,2021-04-05T23:29:12+00:00,2026-05-27T01:27:19+00:00,771,No,No
mysociety/ceuk-marking,,https://github.com/mysociety/ceuk-marking,mysociety/ceuk-marking,Yes,5,679,2022-12-13T16:03:10+00:00,2026-06-03T10:27:11+00:00,432,Yes,No
MapIt,https://mapit.hurumap.org/,https://github.com/mysociety/mapit,mysociety/mapit,No,32,1343,2010-06-22T21:42:59+00:00,2026-05-08T13:08:21+00:00,375,,
FragDenStaat,https://fragdenstaat.de/,https://github.com/okfde/fragdenstaat_de,okfde/fragdenstaat_de,No,25,4984,2013-01-22T16:15:13+00:00,2026-06-04T13:07:22+00:00,1037,,
Open Up!,https://openup.okfn.se/,https://github.com/okfse/openup.okfn.se,okfse/openup.okfn.se,No,6,161,2020-05-15T15:37:19+00:00,2022-10-28T12:18:59+00:00,158,,
 Open Data Day in Flensburg,https://opendataday-flensburg.de/,https://github.com/oklabflensburg/oddfl,oklabflensburg/oddfl,Yes,3,111,2024-01-30T23:32:53+00:00,2026-02-09T10:08:12+00:00,100,Yes,No
Badestellenkarte Schleswig-Holstein,https://badestellenkarte.oklabflensburg.de/,https://github.com/oklabflensburg/open-bath-map/,oklabflensburg/open-bath-map,No,1,32,2026-04-07T17:24:16+00:00,2026-04-12T14:42:21+00:00,100,,
Biotope Mapping Map,https://biotopkarte.oklabflensburg.de/,https://github.com/oklabflensburg/open-biotope-map,oklabflensburg/open-biotope-map,Yes,1,62,2024-10-08T15:31:28+00:00,2026-04-05T13:41:36+00:00,43,Yes,No
Open Data API,,https://github.com/oklabflensburg/open-data-api,oklabflensburg/open-data-api,Yes,4,272,2023-08-30T12:33:36+00:00,2026-04-12T16:56:24+00:00,139,No,No
Standorte der Polizeidienststellen in Schleswig-Holstein,https://notfallkarte.oklabflensburg.de/,https://github.com/oklabflensburg/open-emergency-map,oklabflensburg/open-emergency-map,Yes,1,9,2025-06-01T15:47:39+00:00,2026-04-11T09:07:23+00:00,36,No,No
Wohnort-Kompass,https://wohnortkompass.oklabflensburg.de/methodik,https://github.com/oklabflensburg/open-living-map,oklabflensburg/open-living-map,No,1,32,2026-04-17T15:13:03+00:00,2026-04-26T13:05:46+00:00,133,,
Digitale Denkmalkarte für Schleswig-Holstein,https://denkmalkarte.oklabflensburg.de/,https://github.com/oklabflensburg/open-monuments-map,oklabflensburg/open-monuments-map,Yes,4,292,2023-02-22T14:47:49+00:00,2026-02-10T09:09:32+00:00,101,Yes,No
Flurstücksauskunft Schleswig-Holstein,https://flurstuecksauskunft.oklabflensburg.de/,https://github.com/oklabflensburg/open-parcel-map,oklabflensburg/open-parcel-map,Yes,2,27,2024-10-31T12:06:25+00:00,2025-09-20T16:35:06+00:00,43,No,No
Recyclingkarte für Flensburg,https://recycling.oklabflensburg.de/,https://github.com/oklabflensburg/open-recycling-map,oklabflensburg/open-recycling-map,Yes,1,36,2023-07-25T07:59:43+00:00,2026-04-05T14:05:14+00:00,26,Yes,No
Bildungsatlas Flensburg,https://schulkarte.oklabflensburg.de/,https://github.com/oklabflensburg/open-school-map,oklabflensburg/open-school-map,Yes,2,124,2024-01-05T17:42:55+00:00,2026-04-12T16:33:22+00:00,53,Yes,No
Baumkataster Flensburg,https://baumkataster.oklabflensburg.de/,https://github.com/oklabflensburg/open-trees-map,oklabflensburg/open-trees-map,Yes,5,99,2023-04-28T07:08:46+00:00,2026-03-24T07:43:04+00:00,75,Yes,No
Open Food Network,https://www.openfoodnetwork.no/,https://github.com/openfoodfoundation/openfoodnetwork,openfoodfoundation/openfoodnetwork,No,255,36048,2012-03-26T23:10:26+00:00,2026-06-05T06:25:50+00:00,4000,,
OLDP: Open Legal Data Platform,https://openlegaldata.io/,https://github.com/openlegaldata/oldp,openlegaldata/oldp,Yes,10,448,2018-05-07T10:18:50+00:00,2026-06-01T15:34:58+00:00,850,No,No
OpenStreetMap Sverige,https://openstreetmap.se/,https://github.com/openstreetmap-sverige/supybot-plugin-osm,openstreetmap-sverige/supybot-plugin-osm,No,9,133,2012-03-25T00:56:20+00:00,2020-02-26T02:58:03+00:00,8,,
Small Hassles Court,https://metagov.org/projects/governable-spacemakers-fellowship/small-hassles-court,https://github.com/plottwisters/small-hassles-court,plottwisters/small-hassles-court,No,0,6,2026-01-30T03:43:27+00:00,2026-01-30T03:47:02+00:00,70,,
Small Hassles Court Server,,https://github.com/plottwisters/small-hassles-court-server,plottwisters/small-hassles-court-server,No,0,1,2026-01-30T03:49:18+00:00,2026-01-30T03:49:18+00:00,21,,
FixaMinGata,https://www.fixamingata.se/,https://github.com/Sambruk/fixmystreet,Sambruk/fixmystreet,No,48,14888,2006-09-13T18:40:29+00:00,2025-08-18T04:12:11+00:00,4348,,
Skjutsgruppen React Native,,https://github.com/Skjutsgruppen/skjutsgruppen-reactnative,Skjutsgruppen/skjutsgruppen-reactnative,No,8,611,2017-09-01T05:41:52+00:00,2019-07-02T08:34:52+00:00,952,,
Station Reach,https://station-reach.eu/#/map,https://github.com/ton-An/station_reach,ton-An/station_reach,Yes,1,272,2025-08-26T14:55:16+00:00,2026-05-11T09:46:09+00:00,222,No,No
VoteIT/voteit_frontend,,https://github.com/VoteIT/voteit_frontend,VoteIT/voteit_frontend,Yes,3,2049,2020-11-09T10:55:47+00:00,2026-06-05T07:51:30+00:00,460,No,No
Large Government of Canada IT projects,https://large-government-of-canada-it-projects.github.io/,https://github.com/YOWCT/large-government-of-canada-it-projects,YOWCT/large-government-of-canada-it-projects,No,2,85,2020-03-01T04:53:38+00:00,2022-08-09T22:28:45+00:00,59,,
