repo_full_name,total_issues,open_issues,closed_issues,avg_comments_per_issue,median_time_to_close_days,unique_openers,unique_closers,top_openers,top_closers
CitizensFoundation/your-priorities-app,34,13,21,1.59,131.44,12,5,rbjarnason=15;MurzNN=5;MarceMMAD=4;eraviart=2;talss89=1;andredaa=1;teal33t=1;Synaccord=1;fabien7337=1;alimumcu1077=1;mapto=1;michi-z=1,rbjarnason=16;eraviart=2;andredaa=1;Synaccord=1;fabien7337=1
CodeForAfrica/Dominion.AFRICA,0,0,0,,,0,0,,
CodeForAfrica/GenderGap.AFRICA,18,0,18,0.22,7.88,3,2,chaficnajjar=11;nerdlet=5;DavidLemayian=2,chaficnajjar=9;DavidLemayian=9
CodeForAfrica/PromiseTracker,68,1,67,0.94,11.11,3,4,RalphOwah=55;kelvinkipruto=12;kilemensi=1,kelvinkipruto=51;RalphOwah=12;koechkevin=3;kilemensi=1
CodeForAfrica/academy.AFRICA,34,17,17,0.53,16.89,4,3,RalphOwah=23;koechkevin=4;kelvinkipruto=4;kilemensi=3,kelvinkipruto=10;RalphOwah=4;koechkevin=3
CodeForAfrica/actNOW,1,1,0,0,,1,0,kilemensi=1,
CodeForAfrica/openAFRICA,40,15,25,1.15,155.76,12,3,thepsalmist=13;DavidLemayian=11;phillipahereza=3;gabrielmahia=3;ignatiusukwuoma=2;tebajanga=2;Andretalik=1;andela-onnenanya=1;jonesbaraza=1;kilemensi=1;Maryblessing=1;VinneyJ=1,DavidLemayian=18;thepsalmist=5;kilemensi=2
CodeForAfrica/outbreak.AFRICA,0,0,0,,,0,0,,
CodeForAfrica/sensors.AFRICA,82,5,77,0.51,10.15,7,6,nerdlet=50;DavidLemayian=17;usmanbiu=6;thepsalmist=5;gideonmaina=2;greenkeeper[bot]=1;kilemensi=1,DavidLemayian=46;kilemensi=21;gideonmaina=5;thepsalmist=3;KhadijaMahanga=1;usmanbiu=1
CodeForAfrica/ui,443,51,392,0.55,15.91,14,11,kilemensi=153;kelvinkipruto=89;RalphOwah=82;koechkevin=50;m453h=30;damolaoladipo=10;DavidTheProgrammer=10;thepsalmist=7;Sakina-Salem=6;Warukira=2;nerdlet=1;gertie-sheshe=1;esirK=1;charscs=1,kelvinkipruto=153;kilemensi=101;koechkevin=66;RalphOwah=36;m453h=16;nerdlet=8;esirK=4;thepsalmist=3;gertie-sheshe=2;DavidTheProgrammer=2;gideonmaina=1
DemocracyClub/UK-Polling-Stations,3851,65,3786,0.46,7.86,20,12,polling-bot-4000=2373;chris48s=1187;davidmiller=92;symroe=54;GeoWill=39;JoeMitchell=37;pmk01=32;andylolz=11;PhilRumens=7;alexdutton=5;VirginiaDooley=4;awdem=2;handelaar=1;jcampbell05=1;BenJam=1;mvl22=1;pyup-bot=1;smsmith97=1;michaeljcollinsuk=1;Bekabyx=1,chris48s=1214;GeoWill=536;symroe=170;pmk01=29;davidmiller=21;alexdutton=21;tfgg=2;VirginiaDooley=2;smsmith97=2;PhilRumens=1;JoeMitchell=1;andylolz=1
DemocracyClub/WhoCanIVoteFor,420,99,321,1.37,26.01,43,13,pmk01=98;symroe=60;chris48s=58;annapowellsmith=40;VirginiaDooley=39;JoeMitchell=30;michaeljcollinsuk=23;andylolz=7;sjorford=7;davidmiller=5;jf1=5;GeoWill=5;magdamaciaszczyk=4;tfgg=3;EleeshaTB=3;BobHarper1=2;sentry[bot]=2;jasoncartwright=2;Bekabyx=2;edent=2;alexdutton=1;MikeThacker1=1;gwire=1;BenJam=1;mhl=1;EdwardBetts=1;robzor=1;gerv=1;mrwilson=1;hugovk=1;jwheare=1;russss=1;MatMoore=1;jacksonj04=1;dependabot-preview[bot]=1;KateSeary=1;arcturis=1;pshem=1;Samwalton9=1;simrun=1;semiprime=1;michaelsw95=1;Rexogamer=1,symroe=125;VirginiaDooley=77;pmk01=38;annapowellsmith=34;chris48s=17;michaeljcollinsuk=11;andylolz=5;awdem=5;Bekabyx=5;EdwardBetts=1;jacksonj04=1;dependabot-preview[bot]=1;GeoWill=1
ForumMagnum/ForumMagnum,1676,783,893,0.94,26.72,175,32,sync-by-unito[bot]=582;jimrandomh=222;Discordius=197;Raemon=130;ben-pace=58;FerociousTruth=38;sentry[bot]=26;jpaddison3=23;edoarad=20;jglamine=17;tdnzr=16;aarongertler=14;jecneps=12;vaniver=11;s-cheng=10;gwillen=9;zackmdavis=8;kronusaturn=8;darkruby501=7;Glinte=7;andrew-vant=6;Nathanpmyoung=6;riceissa=5;ghost=5;mduczmal=5;NunoSempere=5;veeara282=5;harmchop=4;trishume=4;Ezra=4;malob=4;ChristianKleineidam=4;saranvdev=4;benthamite=4;michaelkeenan=4;vipulnaik=3;jeffkaufman=3;ksvanhorn=3;movationdesign=3;jessica-taylor=3;lagerros=3;mateuszkocik=3;SokolskyNikita=3;Huge=3;Stvad=3;PatMyron=3;Mihonarium=3;ESRogs=2;lahwran=2;angelinahli=2;brendanlong=2;haadr=2;zejacobi=2;vkrakovna=2;fywang=2;coriain=2;givoli=2;patbl=2;zarybnicky=2;berekuk=2;adamzerner=2;pranomostro=2;Zolmeister=2;Walther=2;TechStacker=2;synkarius=2;qpwo=2;lumenwrites=2;olynch=2;Xodarap=2;agucova=2;rufuspollock=2;RomanHauksson=2;Hate9=2;gggscript=2;LoadingScreen=1;ckamm=1;miniBill=1;Raelifin=1;gamerimp=1;jkopczyn=1;eggplant2718=1;arundelo=1;leoger=1;x5engine=1;jedharris=1;zentinal=1;yump=1;twilight-flower=1;Pengux1=1;spruceb=1;Fillyosopher=1;henryaj=1;arromdee=1;Cerebrum2=1;vluzko=1;skybrian=1;rpglover64=1;dankuck=1;jamii=1;travisrm89=1;Caseythezahima=1;nmohsin=1;dreamflasher=1;smoofra=1;Minimalistic=1;Alfro=1;nicholasRutherford=1;dannyob=1;mwojtera=1;Gurkenglas=1;dtujmer=1;sampa999=1;chkno=1;hrosspet=1;dbohdan=1;ForrestWeiswolf=1;PaulRobson=1;sebastmarsh=1;e1red=1;guzey=1;ghabs=1;kenny-evitt=1;jbartosik=1;kilotaras=1;ChALkeR=1;ansiton=1;someoneinatree=1;aschrijver=1;roryokane=1;moyamo=1;PoziWorld=1;shelt=1;sudo-owen=1;DonaldHobson=1;RyanCarey=1;kevinoid=1;davgross=1;jangoergens=1;Zac-HD=1;doxometrist=1;sbyrnes321=1;Kuratius=1;paraschopra=1;josephrocca=1;symbiont-daniel-speyer=1;gregcolbourn=1;micgro42=1;adam-binks=1;walambert=1;tnjnck=1;dgealow=1;akrolsmir=1;CharlesHe16=1;gwern=1;SqrtMinusOne=1;astrum5000=1;Slyracoon23=1;sduncan01=1;david-mears-2=1;teapotonmars=1;solomonshalom=1;Roundlay=1;steve31415=1;Jechaca=1;sipec=1;Iiridayn=1;KalmanG=1;joelburget=1;thiswillbeyourgithub=1;npt=1;bmillwood=1;ernesttyz=1;aseckin=1;duxrat=1,Discordius=288;jimrandomh=239;sync-by-unito[bot]=154;Raemon=86;jpaddison3=43;oetherington=18;s-cheng=16;Raelifin=6;b0b3rt=6;jcmustin=5;jglamine=3;darkruby501=3;michaelkeenan=3;ben-pace=2;edoarad=2;NunoSempere=2;Will-Howard=2;ESRogs=1;harmchop=1;yump=1;dankuck=1;dtujmer=1;fywang=1;jbartosik=1;pranomostro=1;moyamo=1;Zac-HD=1;sbyrnes321=1;Xodarap=1;Stvad=1;Hate9=1;Glinte=1
civiform/civiform,4409,859,3550,1.39,29.08,103,67,neel-a-mehta=520;gwendolyngoetz=333;dkatzz=286;melanie-exygy=212;rockycodes=185;elisekalstad=177;auzlee=166;ssandbekkhaug=156;tallulahkay=136;bion=135;shanemc-goog=111;shreyachatterjee00=102;swatkat1=98;nb1701=96;greg-hyde=84;shane-exygy=67;azizova-leyla=65;cassandralfernandes=64;jeanniefu=64;msprenke=61;sijiayam=59;Miguel-314=54;azhangggggg=49;caitlinshk=47;kendrickt=45;reemaka=45;goldblatt=43;carolinedanzi=40;isabelcshaw=40;glorialiou=39;michaelzetune=39;nbeloglazov=37;clouser2=36;tlimsonoda=34;natsid=33;ldinhcos=33;EmiliaPaz=33;shubha-rajan=31;haltmar=31;AlvieH=26;gcapiel=25;seanmalbert=22;watermandrewc=22;kristinyim=20;devin-civi=20;ezraeinhorn624=18;jeffpw-goog=17;leonwong=16;orwant=16;lftaylor2023=15;plabanTest1=15;osajulian-dev=15;lianne-oy=14;lindsayzad=14;yotommy=14;lagosr-google=14;nat-henderson=13;avrittrohwer=13;kpeterson-exygy=13;paripatel07=12;zaralouis-sf=10;rasmi=10;codekarma=10;ekalstad=10;jessbumblebee=9;tinkelperson=8;hmhsu=7;cynthia-x-shi=7;sussman=6;jcma-google=6;jnowell=6;ettengererin=5;jessborland=5;inghamn=5;jhvhs-bloom=5;wukimmy=5;fernandez-jack=5;sarahlinnl=4;megan0422=4;kencenerelli=3;ialv44=3;syntapy=3;carchy-1=3;sxyao33=3;emilytheis=3;kmcnellis=2;renovate[bot]=2;sibow=2;sophiatareen=2;mferhut=2;Miguel-Seattle=2;cityofseattle-googlefellowship=1;AWBaumann=1;Chris-Boe=1;daves-office=1;irodrisa=1;ckirksey3=1;melissakessler=1;bpq-g=1;Peggy-Liao=1;jonpayne-lgtm=1;aieshaosman=1;myfriendgu=1,bion=321;neel-a-mehta=232;gwendolyngoetz=94;dkatzz=91;rockycodes=86;clouser2=78;nb1701=67;kendrickt=66;melanie-exygy=65;reemaka=55;azizova-leyla=55;nat-henderson=51;nbeloglazov=49;swatkat1=46;auzlee=45;carolinedanzi=43;shanemc-goog=43;goldblatt=43;msprenke=37;michaelzetune=36;elisekalstad=28;lianne-oy=26;shreyachatterjee00=26;natsid=24;cassandralfernandes=24;jeanniefu=23;hmhsu=19;rasmi=17;AWBaumann=16;kristinyim=15;shubha-rajan=15;caitlinshk=14;avrittrohwer=14;yotommy=13;leonwong=12;lindsayzad=11;greg-hyde=11;zaralouis-sf=10;seanmalbert=10;kmcnellis=8;azhangggggg=7;gcapiel=6;ettengererin=6;th174=4;isabelcshaw=4;ckirksey3=3;devin-civi=3;Miguel-314=3;ezraeinhorn624=2;tjbanghart=2;jessbumblebee=2;zarifzm=2;ldinhcos=2;EmiliaPaz=2;Snackeroo=1;kpeterson-exygy=1;sussman=1;syntapy=1;tallulahkay=1;glorialiou=1;arielwainer=1;ssandbekkhaug=1;YazeedLoonat=1;shane-exygy=1;codekarma=1;tlimsonoda=1;elliotgreenlee=1
codeforamerica/asap_pdf,4,3,1,2.5,7.1,4,1,lkacenja=1;mgifford=1;raybellwaves=1;jrichview=1,xdotcommer=1
codeforamerica/cmr-maryland-eligibility-determination,0,0,0,,,0,0,,
codeforamerica/document-transfer-service,1,1,0,0,,1,0,jamesiarmes=1,
codeforamerica/form-flow,0,0,0,,,0,0,,
codeforamerica/honeycrisp-gem,155,49,106,1.34,44.49,22,15,hartsick=43;racheledelman=29;bengolder=26;cy-by=9;anule=8;norrishung=6;luigi=6;lkogler=5;mrotondo=4;disambiguator=3;wschaefer-cfa=2;bensheldon=2;tgrathwell=2;ash-rc=2;ondrae=1;SymonneSingleton=1;jenny-heath=1;notfelineit=1;bytheway875=1;alaroia-cfa=1;arinchoi03=1;powersurge360=1,hartsick=46;cy-by=21;lkogler=14;bengolder=6;racheledelman=4;ash-rc=3;mrotondo=2;bensheldon=2;wschaefer=2;anule=1;SymonneSingleton=1;luigi=1;spokenbird=1;tgrathwell=1;arinchoi03=1
codeforamerica/pya,0,0,0,,,0,0,,
codeforamerica/recordtrac,149,65,84,0.97,26.45,17,6,SheilaLDugan=68;criscristina=35;cydharrell=20;richaagarwal=8;migurski=3;spjika=2;andyhull=2;jmadans=2;jpmckinney=1;eddietejeda=1;nneditch=1;guelo=1;yesezra=1;gsf=1;daguar=1;metrix78=1;mitchelljkotler=1,richaagarwal=55;criscristina=23;SheilaLDugan=3;jpmckinney=1;gsf=1;daguar=1
codeforamerica/tax-benefits-backend,0,0,0,,,0,0,,
codeforamerica/tofu-modules-aws-serverless-database,0,0,0,,,0,0,,
codeforamerica/vita-min,3,0,3,0,0.03,2,2,bengolder=2;martha-brandt=1,bengolder=2;martha-brandt=1
codeforjapan/BirdXplorer,107,4,103,0.59,40.85,8,7,yu23ki14=65;osoken=28;sushichan044=6;ayuki-joto=4;kota-yata=1;iazzenma=1;sitopp=1;devin-ai-integration[bot]=1,yu23ki14=74;osoken=17;ayuki-joto=8;kota-yata=1;iazzenma=1;NEKOYASAN=1;sushichan044=1
fvialibre/edia,0,0,0,,,0,0,,
fvialibre/heseia-sentence-bias-dataset,0,0,0,,,0,0,,
iiab/iiab,1530,315,1215,8.39,14.84,122,40,holta=933;tim-moody=115;jvonau=98;arky=65;georgejhunt=31;m-anish=29;avni=24;veeara282=22;mitra42=12;deldesir=8;shanti-bhardwa=8;llovemixo=7;mikerjensen=6;rgarrison1=6;EMG70=5;kananigit=4;KW4NP=4;isuzumac=4;traverseda=3;vinaybissa=3;ericnitschke=3;floydianslips=3;mikkokotila=3;kmw=3;Mortvert=3;rickgurmet=3;icebox827=3;Abdulrahman392011=3;stenevang=3;SkynetAdmin=3;Ark74=3;germanrs=2;benjaoming=2;Piflyer=2;myself248=2;JamesM92=2;chjohn22=2;lemueldsouza=2;dagelf=2;boholder=2;vlnn=2;stebbo63=2;Jamhuri2023=2;scarolan=2;1n5aN1aC=2;giglioroninomicon=2;technofox01=2;chapmanjacobd=2;cbalbont=2;dangerfantastic=2;shantibhardwa=1;ThatMattGuy123=1;mrdavidhaag=1;mir123=1;ivanistheone=1;Tjstanton=1;Daniel-Mietchen=1;kodepharm=1;Birdzview=1;menneal=1;truesamurai=1;siriuswapnil=1;brandhoff1234=1;BagOfCoins=1;Hypernovae0=1;pumpkinpi85=1;ganastor=1;mihalkaengineering=1;webmap2015=1;Mathazzar=1;abhiapsunde=1;Hermanio=1;pelwell=1;mattsap34=1;JamieSlome=1;jackrodonnell=1;susanrm=1;andrewclark5=1;yuvrajmakkena=1;AgentJeffy=1;Bigun=1;drszxn=1;turingtrust=1;johnklos=1;Pseudonym77=1;landowark=1;11nestyy11=1;JarvisWhitman=1;Magicman0423=1;github59173=1;mattrossman=1;miloshev=1;mnmed=1;eriad25=1;Nemoron=1;breconides=1;Tengu42x=1;unsigned8547=1;Dphilly-215=1;pixel5=1;PeterTGarner=1;4casts=1;Akatama=1;setupify=1;prepperdisk=1;DryFudge=1;mydadisamoron=1;victorb=1;EinMaSpey=1;Crumararen=1;jonobie=1;GarlicToast1=1;SnakesAndLadders=1;ptlambert=1;observeroftime01=1;YogiBuilds=1;JonSimmons=1;grinok=1;callofduty194-cpu=1;gaminghermit1970-tech=1;Sudoman22=1;animotone14-ux=1,holta=1043;jvonau=52;tim-moody=39;georgejhunt=19;arky=7;llovemixo=7;deldesir=4;avni=4;traverseda=2;veeara282=2;mikerjensen=2;m-anish=2;kmw=2;Abdulrahman392011=2;scarolan=2;Ark74=2;benjaoming=1;shantibhardwa=1;floydianslips=1;mitra42=1;KW4NP=1;Tjstanton=1;truesamurai=1;siriuswapnil=1;brandhoff1234=1;ganastor=1;JamesM92=1;Mathazzar=1;lemueldsouza=1;boholder=1;shanti-bhardwa=1;AgentJeffy=1;vlnn=1;11nestyy11=1;Nemoron=1;unsigned8547=1;1n5aN1aC=1;isuzumac=1;Akatama=1;SnakesAndLadders=1
luftdata/luftdata.se,8,6,2,0.25,3.98,5,1,bjornhagstrom=3;ebner=2;peterk=1;christopherkullenberg=1;GoranGozo=1,ebner=2
markov-root/atlas,7,4,3,0,236.09,3,1,markov-root=3;elharo=3;Sappique=1,markov-root=3
mastodon/mastodon,5000,616,4384,4.89,18.87,1764,255,ghost=328;Gargron=147;Cassolotl=141;trwnh=83;ClearlyClaire=82;SoniEx2=48;ineffyble=44;unarist=40;mayaeh=38;shleeable=35;tateisu=34;marrus-sh=32;nolanlawson=32;wchristian=31;tribela=29;codl=26;todoneunl=26;progval=25;ThisIsMissEm=25;Miaourt=24;nightpool=23;MightyPork=23;puckipedia=23;renatolond=23;Sylvhem=23;kit-ty-kate=23;nclm=21;akihikodaki=21;ThomasLeister=20;clarfonthey=20;triplefox=19;noiob=19;Dryusdan=19;MirceaKitsune=19;joyeusenoelle=18;alexgleason=17;aral=17;rugk=17;koyuawsmbrtn=17;ashfurrow=16;duxovni=16;OccultWarlock=16;kaniini=15;rixx=15;fpiesche=14;yiskah=14;wolfteeth=14;wxcafe=14;matyapiro31=14;rhaamo=13;Aldarone=13;sorin-davidoi=13;BenLubar=13;Exagone313=12;yookoala=12;angristan=12;twilight-sparkle-irl=12;ticki=12;schiessle=12;lypwig=12;ariasuni=12;ealgase=12;Ragzouken=11;hikari-no-yume=11;valentin2105=11;riking=11;Artoria2e5=11;chr-1x=11;connyduck=11;spaceottercode=11;cphuntington97=10;ddevault=10;Shnoulle=10;thomas-kuntz=10;saggel=10;jebuskrust=10;jhauberg=9;mkosler=9;taoeffect=9;chris-martin=9;daprice=9;alkemist=9;rtucker=9;DagAgren=9;fluffy-critter=9;annando=8;duckinator=8;nevillepark=8;hach-que=8;KNTRO=8;imlps=8;mkljczk=8;egypturnash=8;MasterGroosha=8;Phroneris=8;vibhi19=8;elaine-jackson=8;Fastidious=7;clayote=7;PaulFree14=7;Geobert=7;hugogameiro=7;celesteh=7;fwenzel=7;abochmann=7;selfagency=7;iliana=7;abcang=7;scroom=7;sdomi=7;allo-=7;Perflyst=7;stemy2=7;nex3=6;lumenwrites=6;isati=6;ericblade=6;coilysiren=6;LJWatson=6;zautumnz=6;xvilo=6;saper=6;TrollDecker=6;KellerFuchs=6;tcitworld=6;chriswmartin=6;noraworld=6;averageunicorn=6;timmc=6;MyNameIsTroll=6;sammy8806=6;ChatonneLibertaire=6;cjslep=6;smorimoto=6;33b5e5=6;pawelngei=6;nicolasmaia=5;LiamDawe=5;stuartlangridge=5;ZiiX=5;moshpirit=5;MrPetovan=5;ticky=5;blackle=5;ava-sig=5;Rushyo=5;gllmhyt=5;lanodan=5;aaronpk=5;lilyball=5;sphinxc0re=5;wavebeem=5;fallerOfFalls=5;jomo=5;lambadalambda=5;Jehops=5;lofidevops=5;kstrauser=5;kensanata=5;asonix=5;raingloom=5;rinsuki=5;XuHandsome=5;wolfie1910=5;bunnybooboo=5;ldexterldesign=5;haiitch=5;kode54=5;comradenala=5;yingziwu=5;clerie=5;ZoeBijl=4;fhemberger=4;psychicteeth=4;Skirmisher=4;paralithode=4;krainboltgreene=4;mitchellurgero=4;koboldunderlord=4;vielmetti=4;lapineige=4;luclu7=4;wirehack7=4;giromide=4;AxelTerizaki=4;Oreolek=4;Phyks=4;carlosjs23=4;153=4;Floppy=4;valentinp72=4;azbulutlu=4;Psycojoker=4;csu=4;mabkenar=4;Letiteuf55=4;Angular-Angel=4;osapon=4;Neustrashimy=4;zcdunn=4;nailyk-fr=4;PubliqPhirm=4;Deuchnord=4;cumbiame=4;cwebber=4;git-marijus=4;gandaro=4;LeeteqXV=4;mareklach=4;aji-su=4;delightfulagony=4;zunda=4;maxf=4;gergelypolonkai=4;anampses=4;njouanin=4;MarcoZehe=4;ladyisatis=4;Laurelai=4;GuyM-31=4;wakest=4;pwFoo=4;swedneck=4;trebmuh=4;davmillar=4;bannisdale=4;aus-social=4;psydwannabe=4;fooness=4;robinmaypanpan=4;jelutz77=4;fedione=4;jimmytidey=3;lmorchard=3;kevinmarks=3;verymilan=3;tinruufu=3;mynatt=3;matildepark=3;stamak=3;mcat-ee=3;matthiasbeyer=3;PurpleBooth=3;halcy=3;alex73630=3;alerque=3;Lertsenem=3;Korko=3;benhamill=3;dissolve=3;sys0dm1n=3;happycoloredbanana=3;mkody=3;tomfhowe=3;jemus42=3;c-hew=3;Zenithar=3;ashkitten=3;jpdevries=3;Golgotha29=3;lutoma=3;SansPseudoFix=3;heyakyra=3;syui=3;expenses=3;Naouak=3;siuying=3;southrop=3;oceatoon=3;mjankowski=3;dasoran=3;yumetodo=3;Wonderfall=3;mdbraber=3;packetcat=3;nemsia=3;clement-analogue=3;edent=3;elegaanz=3;asterismo=3;MilkManzJourDaddy=3;oyosc=3;andi1984=3;jdmansour=3;thomaslule=3;wxl=3;lupine=3;alxlg=3;didi7=3;KEINOS=3;steelman=3;SerCom-KC=3;bugQ=3;wimvanderbauwhede=3;fweng322=3;TheInventrix=3;kedamaDQ=3;serin-delaunay=3;corbindavenport=3;kpcyrd=3;aiwas=3;Chocobozzz=3;ted-gould=3;cheesegrits=3;ryliejamesthomas=3;thegcat=3;lynlynlynx=3;kkretsch=3;tigre-bleu=3;drequivalent=3;mbajur=3;lawremipsum=3;Granitosaurus=3;jumoru=3;BNolet=3;bonsaiheldin=3;IsabelaY=3;gelav=3;penguin42=3;alexnya=3;hackertours=3;codesections=3;raucao=3;imacdonald=3;qguv=3;vitalyster=3;frandavid100=3;LoVicente=3;CosineP=3;zh99998=3;0xCyberFortress=3;stevenroose=3;WNYmathGuy=3;alch-emi=3;lukepighetti=3;SelfsameSynonym=3;mahescho=3;noellabo=3;Golutazem=3;SuperSandro2000=3;mfa777=3;fsnk=3;jacotec=3;simevo=3;ahangarha=3;tykayn=3;filippodb=3;mattl=2;localhost=2;svetlik=2;andybalaam=2;DeeUnderscore=2;elad661=2;IBPX=2;Thann=2;rrnndd0=2;daliacoss=2;geir54=2;olistik=2;tobypinder=2;grimedango=2;milouse=2;nikkisquared=2;neurosismancer=2;Moth-Tolias=2;hannahwhy=2;novalis=2;vegaelle=2;GyrosGeier=2;piersb=2;maximeborges=2;davidcelis=2;eramdam=2;mbrubeck=2;zorun=2;Dr-Syn=2;pimterry=2;celri=2;s18alg=2;jaywink=2;Themimitoof=2;shirish93=2;DanielHeath=2;maxguru=2;jamestomasino=2;braak=2;tyrosinase=2;jerome-tgl=2;diomed=2;xuv=2;agateblue=2;Natanji=2;dinosaw=2;unwitting=2;zackw=2;robcee=2;Spunkie=2;plinss=2;R0ckweb=2;TristanCP=2;bellabie=2;skhameneh=2;ramlmn=2;jdcauley=2;fapdash=2;singpolyma=2;James-Firth=2;jbond23=2;op3nus3r=2;danirabbit=2;nykh=2;ufo56=2;Altreus=2;gled-rs=2;symac=2;foxiepaws=2;Magiccamera=2;xcombelle=2;ian-kelling=2;Wack0=2;greenmanspirit=2;n1k0=2;bvanrijn=2;svanneste=2;mama21mama=2;karelz=2;frankiezafe=2;tdelmas=2;d6rkaiz=2;Sp3r4z=2;saschafoerster=2;JanX2=2;denysvitali=2;kenyasue=2;emmanuelclement=2;bit-map=2;tsuwatch=2;akien-mga=2;Champomix=2;MaiaDereva=2;szbalint=2;FlyMyPG=2;konomikitten=2;mikoim=2;ccoenen=2;kensoh=2;stephenburgess8=2;sergio-u=2;miguelpeixe=2;Auditoryproliferation=2;skoji=2;Southclaws=2;0verk1ll=2;clworld=2;strk=2;nullkal=2;Elmit2015=2;jckw=2;BastienDurel=2;cedewey=2;DJSundog=2;LoggenCocka=2;hidrarga=2;Felthry=2;m-putnam=2;ekiru=2;KScl=2;TheKinrar=2;Bschalck=2;Feufochmar=2;impiaaa=2;Changaco=2;remram44=2;treyssatvincent=2;Guimik=2;NFGman=2;aschmitz=2;devkral=2;riku-shiru=2;Siphonay=2;hcmiya=2;inmysocks=2;stefanhayden=2;BrodyB=2;xBladeTV=2;ragingscholar=2;isagalaev=2;snarfed=2;rototom=2;bonzi=2;vmatekole=2;normikoto=2;mattcoxonline=2;almafeta=2;NathanHawks=2;apiarian=2;Starling000=2;tkacid=2;dlowe-net=2;moggers87=2;novoid=2;sivy=2;sirjamesgray=2;beatrix-bitrot=2;jonazc=2;WhilelM=2;csos95=2;HackJack-101=2;dinggangwang=2;Xkeeper0=2;norayr=2;sftblw=2;winnoryder=2;Sciss=2;northerner=2;NoNamesLeft59633=2;jelv=2;Moskito99=2;lo48576=2;jprojects=2;mimikun=2;nicubuga=2;jgoodleaf=2;nynhex=2;andryou=2;da2x=2;devinacker=2;elharo=2;yogthos=2;VVelox=2;atakiel=2;Harmon758=2;Korbak=2;salsadoom=2;aquariusdev=2;steckerhalter=2;elomatreb=2;mal0ki=2;barzamin=2;naums=2;wiktor-k=2;djoerd=2;tastytea=2;highfellow=2;joachimesque=2;PeterCxy=2;GenbuHase=2;albjeremias=2;BasixKOR=2;AliceSutaren=2;phoe=2;bgcarlisle=2;woj-tek=2;littlemeowing=2;dustinwilson=2;Serkan-devel=2;waweic=2;aschrijver=2;oct2pus=2;Tagadda=2;kek-coin=2;debbiegoldsmith=2;lashmanRB=2;dracos=2;isidai=2;dayvonjersen=2;lfuelling=2;saschanaz=2;waferbaby=2;osauzet=2;cbayerlein=2;pitermach=2;s5bug=2;LWFlouisa=2;Quenty31=2;JohnTitor=2;pwoolcoc=2;pexdata=2;willispapaya=2;christianp=2;mitsugu=2;EsmailELBoBDev2=2;Espionage724=2;dogshapedangel=2;kappaxbeta=2;fbruetting=2;dependabot-preview[bot]=2;blubbll=2;bernd289=2;shrft=2;noirscape=2;thebaer=2;kyazuki=2;mariusor=2;matrix07012=2;Humblr=2;dualhammers=2;VyrCossont=2;testingwithfire=2;kasinjsh=2;bclindner=2;DexterHaslem=2;japaslu=2;Sir-Boops=2;apardo=2;moko256=2;flyingplanes=2;Xanthec=2;shuiRong=2;PierreGbx=2;kb10uy=2;Amolith=2;dxwc=2;jiangyebe=2;Aditoo17=2;k80w=2;jonaharagon=2;IzaliaMae=2;comzeradd=2;raphgilles=2;valinux=2;DarckCrystale=2;martinmuc=2;witcheslive=2;SISheogorath=2;turtlebird=2;dariusk=2;umonaca=2;madmath03=2;MoiraPrime=2;agnelvishal=2;pizzamaker=1;waldyrious=1;modchipped=1;RexMorgan=1;malonehedges=1;vayan=1;ianchanning=1;clacke=1;csasarak=1;dougalcampbell=1;rowan-m=1;beccanalia=1;AdaRoseCannon=1;rollbear=1;bkardell=1;fermuch=1;bnvk=1;bodiug=1;jean=1;claus=1;emitan=1;dequis=1;odetomyday=1;AnndraADunn=1;tronmaximum=1;dixego=1;tac-gb=1;XDChunk=1;webbedspace=1;Spexfox=1;orbicube=1;radian2pi=1;golbette=1;alyssais=1;BHoney=1;CommandLime=1;Zarkonnen=1;vonWolfehaus=1;ioctaptceb=1;makyo=1;Zeether=1;lauramichet=1;rogerbraun=1;coolstar=1;kumavis=1;dhprototype=1;swaldie=1;nikitahaley=1;clhendricksbc=1;charlag=1;Vavassor=1;LukasRos=1;drewwallace=1;aeonofdiscord=1;e-Glyde=1;hylyh=1;alahmnat=1;MirahImage=1;charliegreen=1;alanpaone=1;qq7te=1;fireh9lly=1;MatthewAllan93=1;exelotl=1;8spinach=1;wion=1;alliejp-tv=1;betsythefc=1;zuglufttier=1;TheCapsLock=1;kadybat=1;ktracer-isp=1;AmarOk1412=1;ElkoHRH=1;Digitalyn=1;claiire=1;aredridel=1;Aethylred=1;jrconlin=1;WebReflection=1;jhautefeuille=1;CircleCode=1;kimroen=1;aliforever=1;timo=1;bignimbus=1;Lewiscowles1986=1;skpy=1;tdfischer=1;bl00m=1;bogdan-kulynych=1;mart1oeil=1;byteturtle=1;heartsucker=1;enebo=1;heyitsols=1;xsgb=1;morgothdidnothingwrong=1;thurloat=1;Syfaro=1;bleaky=1;esnyder=1;HongPong=1;RestlessHobbyist=1;MichaelSelsky=1;WDC1=1;john-light=1;Kovah=1;jdiez17=1;muzzol=1;digitalhuman=1;mahnouel=1;wolfskaempf=1;geek-at=1;EdOverflow=1;nebulade=1;0ln=1;copystar=1;bradj=1;thebigbad=1;somepage=1;tjr8787=1;brad2014=1;farlistener=1;orthros=1;af1=1;xangelix=1;rwhaddad=1;pixeldesu=1;wmydz1=1;Pandawan=1;nullatmidnight=1;KhyKd=1;Ravenbird=1;tomitm=1;FremyCompany=1;Spaxe=1;DeadSuperHero=1;Shywim=1;rkarabut=1;sturmen=1;wremy=1;wolfadex=1;RileyKyeden=1;pschfr=1;mhall119=1;areyoutoo=1;kadiix=1;samrocksc=1;sonololo=1;Astyan-42=1;soaklord=1;donnerkarlson=1;ruscogit=1;0gust1=1;Loooooouuuuu=1;FlorentAnders=1;nergdron=1;emf=1;goingtomaine=1;cjeanneret=1;jguerder=1;yukulele=1;tobozo=1;phryk=1;woganmay=1;luxcem=1;walrus543=1;NuroDev=1;klmr=1;nathanvda=1;mux2000=1;jfmcbrayer=1;colegleason=1;nsmash=1;minirop=1;ryanleesipes=1;SpencerDub=1;sungo=1;StevenPatz=1;hishamhm=1;JantsoP=1;Ekleog=1;Moosh-be=1;ludovicl=1;bashfulrobot=1;raisedadead=1;puphime=1;remvst=1;kuro5hin=1;CallKathy-1=1;gitjeff2=1;yeah=1;callumjames90=1;pointlessone=1;kurobeats=1;Thanaen=1;jdenen=1;svenluijten=1;Pajn=1;EricR=1;ludovicchabant=1;alpheb=1;Solido=1;SkyLined=1;maurice-audin=1;Dirdrik=1;nizarus=1;gvenk=1;tuxx=1;NicolasConstant=1;yolateng0=1;magikcypress=1;kyzh=1;hyperobject=1;jgoguen=1;jrmgx=1;and09=1;SiegfriedEhret=1;colomar=1;guilhemB42=1;wayspurrchen=1;frankmeeuwsen=1;strugee=1;mrrcollins=1;andrialexandrou=1;gadgetvirtuoso=1;Motoma=1;Catshavetakenover=1;paulloz=1;clarkenciel=1;neoanderthal=1;docpop=1;a2=1;winniehell=1;brycied00d=1;shivian=1;Fritillaria=1;Pym=1;talon=1;lightweight=1;marcust=1;mlorant=1;mr-fedorich=1;lae=1;gjorando=1;AbelToy=1;ladistroy=1;entant=1;Gibsonion=1;genzi=1;bacardi55=1;moritan=1;Fil=1;thegibsonmainframe=1;znz=1;CapacitorSet=1;mahtin=1;16bitBlues=1;bricky149=1;TheChymera=1;mustaqimM=1;warpsync=1;alpaca-tc=1;webbj74=1;Siltaar=1;jdkruzr=1;EionRobb=1;NthTensor=1;bbqsrc=1;maop=1;sardemff7=1;OberstKrueger=1;msykd=1;ij0n=1;wilfrem=1;benasse=1;furoshiki=1;usagi-f=1;aablinov=1;Xezzy-Yeats=1;crodas=1;MeachamusPrime=1;skerit=1;nicoonoclaste=1;mikebabb=1;flopreynat=1;bmbleau=1;gsora=1;f6fvy=1;sybrenstuvel=1;eXploring123456=1;kmycode=1;justincredble=1;paulsheprow=1;sa3lej=1;fauust=1;itsukarine=1;nananek=1;teslasmoustache=1;Yamakaky=1;xsteadfastx=1;Tpt=1;nikhita=1;mashiro-mikage=1;XAMPPRocky=1;anmonite=1;jonpincus=1;Briar503=1;ploum=1;Patidou=1;Natouille=1;woyczek=1;ldidry=1;jmahmood=1;hirataya=1;martinvahi=1;DanielGilbert=1;citizenk=1;rohieb=1;Fab1en=1;kornelski=1;kawax=1;ryogrid=1;xikufrancesc=1;cdancette=1;ninks=1;ncaq=1;k0ta0uchi=1;LudoBoggio=1;vegax87=1;Tetizeraz=1;NireBryce=1;GDog1985=1;optikfluffel=1;msappir=1;gorilla-b=1;daynaskully=1;emersion=1;mweinelt=1;tswast=1;ttrace=1;marysaka=1;brianoflondon=1;danito=1;simonv3=1;z411=1;corzntin=1;djchen=1;bunnyhero=1;vincib=1;cattebune=1;geekylou=1;abouillis=1;gilir=1;matheod=1;qsypoq=1;Tetizera-zz=1;xor256=1;simbalion=1;haliphax=1;q3k=1;mlcdf=1;KenOokamiHoro=1;smithfarm=1;bortzmeyer=1;OtherSystems=1;pacohope=1;ara4n=1;techmaniack=1;bochecha=1;hinaloe=1;jackjennings=1;lorthirk=1;arielsbecker=1;tlhall=1;HopperMCS=1;w-biggs=1;yukota=1;fudanchii=1;zaferayan=1;popcornqueen=1;kirabug=1;vk3xxx=1;f-wong=1;alabeduarte=1;yair=1;deprecated-acct=1;pvols1979=1;dasisyouyu=1;Ulrar=1;thbonk=1;alarig=1;brrzap=1;pso2club=1;Bichonche=1;Irick=1;funny110=1;metbril=1;hyenaheartbeats=1;lilactown=1;paulyhedral=1;Ash-Crow=1;46neko=1;theophilus79=1;tusik=1;vidarlee=1;spinda=1;andlabs=1;dereckson=1;Quent-in=1;poga=1;TechnicalSuwako=1;Wikinaut=1;lokedhs=1;darkcl=1;baby-gnu=1;kanata2=1;rapenne-s=1;adacable=1;Efimero=1;fracolo=1;layolu=1;adbelle=1;petersmithca=1;drikin=1;mnn=1;salut-c-leo=1;ibadukefan=1;haze=1;franck-paul=1;Beanux=1;junkyardjai=1;creatrixtiara=1;mherrb=1;NicolasCARPi=1;cj3029412=1;scivola=1;myles=1;satanasg=1;HLT=1;yutarot=1;thedeadparrot=1;codingducks=1;agrn=1;ggtea=1;defaultxr=1;c0rdis=1;ocyus=1;duncancmt=1;yaymukund=1;coreyfarrell=1;Mnkai=1;Djyp=1;ignisf=1;denmojo=1;Ox16=1;rnr2001=1;erisdev=1;FunctionalHacker=1;johana-star=1;tadashijr=1;Starless-Night=1;usagiryu=1;sudoSamurai=1;smdgjmigop=1;lnxwalt=1;rbtnn=1;Flaburgan=1;LogalDeveloper=1;N07070=1;choosingchange=1;XBLOssia=1;Zylann=1;Shickmo=1;sp00ck=1;imolein=1;hypocrisydetected=1;WannaBeFreee=1;contraexemplo=1;neoranger=1;benediktg=1;gorillab-xyz=1;aron23=1;pfefferle=1;artemist=1;roikale=1;mdik=1;crenellation=1;Showfom=1;apricot13=1;fceschmidt=1;nicseve=1;cooox=1;ser=1;ballpointcarrot=1;GluedToTheScreen=1;reederda=1;mikenuko=1;gabrielelucci=1;jcklpe=1;thiagomgd=1;cangyuyao=1;hook321=1;JeanGauthier=1;fenax=1;adamemerson=1;setter2002=1;C1T7=1;SangriaSnake=1;KrzysiekJ=1;tioover=1;bkeej=1;TauPan=1;samanthaghraves=1;LittleGreyDuck=1;marcusvinicus=1;wakin-=1;amithm7=1;WorldMaker=1;schmittlauch=1;zbaloch=1;andreaspeters=1;phildini=1;maff1989=1;toddself=1;WowItsDoge=1;voteblake=1;rakiru=1;p4rkrs=1;ItchyBugReporter=1;kyefox=1;ffffluffy=1;mechagrunty=1;0xdreadnaught=1;vieshaphiel=1;AierReia=1;blinks=1;flukejones=1;Kavaeric=1;zerok=1;Bombe=1;otterlove=1;QuadPiece=1;arkahys=1;magmal=1;akaia-shadowfox=1;PaoloVecchi=1;daegalus=1;mariusa=1;tks333=1;akkartik=1;dichro=1;ThatNerdyPikachu=1;el3ctron=1;smiller171=1;LudovicRousseau=1;kacealexander=1;transwitchgrrl=1;maiki=1;themushmouth=1;StreetTeamAC=1;ckeen=1;gegeweb=1;Manishearth=1;amitmoralwar=1;maxlath=1;cormojs=1;mjourdan=1;asamuzaK=1;parfish=1;tardisx=1;deutrino=1;CaptainSpam=1;AMDmi3=1;cucmberium=1;chrisddumont=1;VottonDev=1;benoitjpnet=1;stragu=1;scotthmurray=1;christophehenry=1;rpallai=1;deathpigeon=1;Epivalent=1;eloquence=1;mastuser=1;HellPie=1;bong0=1;wasamasa=1;radix=1;Formedras=1;lenod=1;robertdherb=1;nfagerlund=1;Kuroto=1;bandali=1;sebastiansterk=1;hi-cial=1;hstove=1;amiloradovsky=1;pierreozoux=1;ayush-sharma=1;Izzz31=1;erdmaennchen1=1;pmarquesmota=1;varenspukis=1;sigmaris=1;RosaEinhorn=1;cbondurant=1;London37=1;nanjusoil=1;kjhoerr=1;lhirlimann=1;craigS89=1;nrchtct=1;MarkDarwin=1;shmibs=1;anatolsommer=1;ndarilek=1;HywelPhillips=1;kerim=1;zumbatan=1;timothy-mcroy=1;bliekp=1;supercheetah=1;JCSzamosi=1;NekoiNemo=1;bnejal=1;dasj19=1;skorotkiewicz=1;SpeedBird95=1;hdznrrd=1;NoraCodes=1;kvibber=1;NekomataEsp=1;notlmn=1;TheChiefMeat=1;Effendil=1;citruspi=1;Shinmera=1;andoruB=1;cbiprw=1;josephwegner=1;bremensaki=1;weavermarquez=1;S-H-GAMELINKS=1;andrewzah=1;tilda=1;Eriner=1;maxolasersquad=1;luzi82=1;mperham=1;SaiGonSeamus=1;rebelga=1;hrefhref=1;EduFdezSoy=1;voliva=1;woozalia=1;Schnappa=1;undergroundmonorail=1;qwertystop=1;shuheiktgw=1;lamnatos=1;FoxySophie=1;silverandgray=1;pdc=1;novadeviator=1;RussNelson=1;h3poteto=1;youennf=1;kliu128=1;keltia=1;DanyLives=1;ma1uta=1;adlerweb=1;takayamaki=1;ruivieira=1;nivex=1;jaranta=1;sorpaas=1;enterprisey=1;psmalone=1;prolibre=1;FingerLiu=1;invalidCards=1;catscode=1;petrk94=1;nanaya=1;thomasbnt=1;xrain0610=1;trrk=1;mtippmann=1;kepstin=1;osoitz=1;Themanwhoisit=1;pooza=1;lapin-b=1;hellekin=1;oriold=1;StarCaptainQuinn=1;foggy1=1;LordFratz=1;martensitingale=1;qu3stbaby=1;PoGo606=1;andrepopovitch=1;zeitrechnen=1;tiaod=1;3dn0=1;MaciekBaron=1;piperswe=1;JD557=1;Zoddo=1;catgirlinspace=1;myfreess=1;MichaelHierweck=1;otih=1;garbados=1;his10=1;Elshara=1;Bugsbane=1;sheenahirohito=1;mart-e=1;QGuLL=1;0xvividmirage=1;suyuan168=1;MarcFramboisier=1;kyrahabattoir=1;Unip0rn=1;jbfriedrich=1;rsbondi=1;johneakin=1;harrislapiroff=1;HalfTough=1;danvpeterson=1;danieljakots=1;naught101=1;toadlyBroodle=1;bc1bb=1;Vertux=1;Shadowghost=1;GarryLowther=1;tonyarnold=1;jeanlucaslima=1;lowmess=1;spongefile=1;GammaSQ=1;Grandasse=1;connorshea=1;d-salas=1;taelspinner=1;wottpal=1;distantorigin=1;ascheman=1;gausie=1;daquinons=1;snwh=1;skylerbunny=1;Silversalty=1;NZSmartie=1;cliophate=1;FedericoCeratto=1;jartigag=1;LibertyForTheMasses=1;JohnL4=1;tildelowengrimm=1;c-chell=1;8xk40367=1;bdesham=1;rawkode=1;ffried=1;rknightuk=1;jobastre=1;gnppn=1;kevinisaacson=1;Phidica=1;inputsh=1;MCMic=1;sidpub=1;laanwj=1;juh2=1;davewalk=1;lucahammer=1;204504bySE=1;mikekreuzer=1;Heiwajima=1;benoitsan=1;SuperFloppies=1;tassaron=1;mike-burns=1;JMendyk=1;Taikeur=1;CMHarrington=1;tschuxxi=1;stillinbeta=1;SunDancerGE=1;scottkellum=1;strangeglyph=1;foozmeat=1;cloudjelly333=1;datalevels=1;kylebshr=1;arjenpdevries=1;jeyemwey=1;trevf=1;MyPod-zz=1;autogestion=1;coreyreichle=1;nathanhillyer=1;nordurljosahvida=1;dtschust=1;trev-dev=1;catalinred=1;barbeque=1;syumari=1;dsmouse=1;ricardusvincencius=1;TheEdgeOfRage=1;bas89=1;si=1;colindean=1;Xjs=1;nepeat=1;binaryf0x=1;greysteil=1;stefanbohacek=1;adbenitez=1;notthatwillsmith=1;fivestone=1;Kansattica=1;evieveevee=1;avalonw=1;Msadek02=1;mcb2003=1;svmhdvn=1;christefano=1;TimeTravelersHackedMe=1;SHeija=1;ContainsLiquid=1;thisisTQ=1;bronsen=1;BananaGikoH=1;Linneya=1;veer66=1;chachatter=1;wouwouwou=1;HmFlashy=1;RadarNyan=1;sebilasse=1;MathiasRenner=1;ppppirri=1;codevalley=1;cambrian-era=1;dbort=1;caffeinewriter=1;Hugo-Trentesaux=1;1000i100=1;FlorianKrammel=1;TheDiscordian=1;cccaballero=1;tcreek=1;Neui=1;Clay-Ferguson=1;equipelinux=1;gomarcus=1;yungslime=1;Mac-Johnson=1;claudeha=1;jonhoo=1;unmellow=1;retonom=1;owatan=1;unstabler=1;ptah4i=1;HOPMOON=1;cdn=1;caitifty=1;the6p4c=1;TomaMina=1;lordkitsuna=1;MineRobber9000=1;Roguelazer=1;xxalexhart=1;sinisbad123=1;Capricciola=1;McFlat=1;jaredcwhite=1;csmall=1;star2056=1;marnanel=1;Berbe=1;gabek=1;ahappybell=1;riazm=1;misaka00251=1;uNderdog101=1;webmind=1;Breakfastisready=1;ManicPumpkin=1;bepvte=1;allefeld=1;vikanezrimaya=1;keunes=1;AnTi-ArT=1;alexg-k=1;2019bigpanda=1;kaias1jp=1;makoConstruct=1;pjbingham=1;CDR-Aurora=1;shioko=1;MacLemon=1;pztrn=1;sunjam=1;sparr=1;neonpixii=1;calmasis=1;MFAshby=1;numero-744=1;erAck=1;Madeorsk=1;nils-van-zuijlen=1;jkuester=1;Alkatrax=1;lunnaris=1;electroCutie=1;rscmbbng=1;dansup=1;storm1er=1;kmosiejczuk=1;Booteille=1;ChameleonScales=1;aveao=1;pduldig-at-tw=1;RepairUnit3k6=1;indie=1;gerdemann=1;jeena=1;ShimotsukiH=1;happysmash27=1;Siedge=1;ThomasAH=1;Matthias84=1;compufox=1;abraithwaite=1;isharacomix=1;5teveroy=1;onezerodigits=1;Chaos99=1;J0WI=1;nikhiljha=1;siemvaessen=1;zoc=1;TheFuzzStone=1;madprops=1;trashhalo=1;aelrio=1;mcnesium=1;andy5995=1;Luzifer=1;dnegreira=1;xerz-one=1;BrianPansky=1;steinbitglis=1;ogmkp=1;cwchristerw=1;slice=1;cutls=1;mehmetaydogduu=1;gnarea=1;FongWan=1;corrinr=1;lunar-debian=1;simon-wessel=1;tigexplorer=1;DrewFitz=1;HerrHase=1;enewhuis=1;friedger=1;cvengler=1;PendragonII=1;RedactedCode=1;elborro=1;openscience=1;Batarian711=1;czocher=1;ValiantNinja=1;CGsama=1;SnDer=1;privacytoolsIO=1;weingaertnerit=1;emsenn=1;BalooUriza=1;carbon-twelve=1;marek-lach=1;KylePiira=1;anewton1998=1;klausi=1;khimaros=1;phobos-dthorga=1;CanftIn=1;Pichu0102=1;abortu=1;each=1;oneonenine=1;phil-r=1;kevinflo=1;trini=1;upstreamist=1;r3k2=1;lucascantor=1;Dorifer=1;buckket=1;creideiki=1;glanternier=1;z-bsod=1;erdmark=1;art-lucas=1;JedBeom=1;andrew-t=1;traumschule=1;jedahan=1;rynnova=1;spate=1;u1-liquid=1;dru18=1;eai04191=1;realityfabric=1;SomniusTiger=1;KopfKrieg=1;Lonsfor=1;CherryKitten=1;epsilon-phase=1;lesamarien=1;husim0=1;pupper68k=1;oufmilo=1;duoduoffff=1;plank-tools=1;yotamN=1;smickles=1;marians=1;Failure404=1;acid-chicken=1;tsia=1;fuxoft=1;Kreastr=1;raphaelbastide=1;JDJoe=1;technomancy=1;gerazo=1;vinod-1=1;chuckyz=1;Simon0Harms=1;jrd10=1;billstclair=1;mlaunois=1;dadosch=1;theflossinformation=1;Never2333=1;tasn=1;grinapo=1;ctag=1;selfisekai=1;CitrusFruits=1;LiohMoeller=1;swissdaytrader=1;alexsasharegan=1;fenwick67=1;bellsebub=1;Astuceman=1;julian-klode=1;PleromaUser=1;edpuhs=1;michel-slm=1;OddBloke=1;klorydryk=1;JayHoltslander=1;noplanman=1;foomachi=1;qnixsynapse=1;muesli=1;raboof=1;MxVerda=1;nikoss=1;Pizzacus=1;aandre1=1;ear7h=1;voi159=1;phikal=1;alkjalkja=1;rinpatch=1;racuna=1;arteteco=1;alcaapa=1;victoriadrake=1;ViewportGames=1;ponapalt=1;mcclure=1;grishka=1;highemerly=1;non117=1;Pixelworldnetworkofficial=1;rodti=1;KaSt=1;orlea=1;pezcurrel=1;Alexconquer=1;jackwilliambell=1;fulldecent=1;brawaru=1;Comendatore=1;qwazix=1;mabe-at=1;danialbehzadi=1;Virtheon=1;VikOlliver=1;LordPilum=1;nickiii=1;hoergen=1;1183519e=1;jasikpark=1;bauernbua=1;robdabuilder=1;Maltimore=1;sneak=1;ZikZakFR=1;anirudh24seven=1;jglauche=1;TastyPi=1;MalDrive=1;tailot=1,Gargron=1186;wxcafe=134;ashfurrow=69;trwnh=46;mjankowski=37;swaldie=31;nightpool=29;vmstan=28;nolanlawson=24;ykzts=15;ClearlyClaire=14;unarist=11;Cassolotl=10;blackle=9;OccultWarlock=9;alexgleason=4;wchristian=4;krainboltgreene=4;valentin2105=4;isati=4;Miaourt=4;Letiteuf55=4;sorin-davidoi=4;ineffyble=3;noiob=3;rhaamo=3;luclu7=3;Shnoulle=3;renchap=3;zautumnz=3;carlosjs23=3;noraworld=3;marrus-sh=2;yiskah=2;mal0ki=2;taoeffect=2;progval=2;zorun=2;MrPetovan=2;celri=2;Fastidious=2;wirehack7=2;lumenwrites=2;mkody=2;daprice=2;Floppy=2;svanneste=2;csu=2;codl=2;akihikodaki=2;mabkenar=2;wolfteeth=2;rtucker=2;asterismo=2;tcitworld=2;imlps=2;oyosc=2;abochmann=2;matyapiro31=2;selfagency=2;valentinp72=2;xvilo=2;kensanata=2;nevillepark=1;nex3=1;hach-que=1;psychicteeth=1;IBPX=1;tac-gb=1;hikari-no-yume=1;alyssais=1;Zarkonnen=1;verymilan=1;rrnndd0=1;clayote=1;olistik=1;mcat-ee=1;halcy=1;hannahwhy=1;alliejp-tv=1;chris-martin=1;jrconlin=1;kimroen=1;Lewiscowles1986=1;lapineige=1;Rushyo=1;pimterry=1;heyitsols=1;Exagone313=1;thurloat=1;Syfaro=1;ThomasLeister=1;duckinator=1;WDC1=1;digitalhuman=1;mahnouel=1;jamestomasino=1;geek-at=1;benhamill=1;farlistener=1;xangelix=1;nullatmidnight=1;Spaxe=1;wremy=1;areyoutoo=1;samrocksc=1;nergdron=1;Oreolek=1;Aldarone=1;jguerder=1;woganmay=1;colegleason=1;lilyball=1;ryanleesipes=1;R0ckweb=1;sungo=1;ramlmn=1;ericblade=1;nclm=1;ludovicl=1;Spunkie=1;vielmetti=1;coilysiren=1;Thanaen=1;jdenen=1;mbrubeck=1;Dirdrik=1;ashkitten=1;gvenk=1;tuxx=1;NicolasConstant=1;yolateng0=1;danirabbit=1;tateisu=1;a2=1;Pym=1;lightweight=1;mr-fedorich=1;matthiasbeyer=1;jpdevries=1;entant=1;bacardi55=1;moritan=1;CapacitorSet=1;mahtin=1;bvanrijn=1;wavebeem=1;syui=1;expenses=1;hugogameiro=1;yookoala=1;benasse=1;crodas=1;saschafoerster=1;sybrenstuvel=1;kenyasue=1;alkemist=1;sa3lej=1;Yamakaky=1;tsuwatch=1;mashiro-mikage=1;jonpincus=1;dasoran=1;Artoria2e5=1;lutoma=1;c-hew=1;MaiaDereva=1;jemus42=1;DanielGilbert=1;FlyMyPG=1;emmanuelclement=1;k0ta0uchi=1;gorilla-b=1;ttrace=1;jdcauley=1;kensoh=1;mdbraber=1;saggel=1;vincib=1;nemsia=1;fapdash=1;gilir=1;edent=1;Tetizera-zz=1;diomed=1;mlcdf=1;bortzmeyer=1;stephenburgess8=1;azbulutlu=1;ara4n=1;MightyPork=1;sergio-u=1;symac=1;maximeborges=1;yukota=1;fudanchii=1;sys0dm1n=1;dasisyouyu=1;Ulrar=1;jbond23=1;Bichonche=1;lilactown=1;skoji=1;vidarlee=1;spinda=1;miguelpeixe=1;Quent-in=1;ian-kelling=1;chr-1x=1;Champomix=1;mikoim=1;TechnicalSuwako=1;Dryusdan=1;thomaslule=1;osapon=1;n1k0=1;Neustrashimy=1;layolu=1;sphinxc0re=1;petersmithca=1;haze=1;franck-paul=1;nullkal=1;Beanux=1;NicolasCARPi=1;clarfonthey=1;duxovni=1;codingducks=1;celesteh=1;BastienDurel=1;defaultxr=1;DJSundog=1;aral=1;duncancmt=1;coreyfarrell=1;Mnkai=1;Djyp=1;Jehops=1;rnr2001=1;mkljczk=1;FunctionalHacker=1;LiamDawe=1;johana-star=1;rbtnn=1;N07070=1;Bschalck=1;Feufochmar=1;Deuchnord=1;Zylann=1;Shickmo=1;neoranger=1;gorillab-xyz=1;asonix=1;Wonderfall=1;KEINOS=1
meshtastic/Meshtastic-Android,1474,39,1435,3.06,6.33,664,99,b8b8=68;geeksville=50;DaneEvans=42;shortwavesurfer2009=36;cracky22=32;prokrypt=26;NomDeTom=20;pedjas=20;Dtrieb=17;jamesarich=16;shalberd=14;neopiccolorat=14;Pitel=13;ghost=11;jeremiah-k=10;megabyte2010=9;battlehax=9;rcarteraz=8;GMart=8;RichieFrame=8;domusonline=8;ForeheadFox=8;spfmoby=8;mdecourcy=8;ccchdro=8;IZ1IVA=7;madeofstown=7;valzzu=7;jsoberg=7;mc-hamster=6;ianmcorvidae=6;rjDipcord=6;Dorn8010=6;fti7=6;brebtatv=6;StrangePelaton=6;marek22k=6;lgoix=5;timgunter=5;DylanHoen=5;KrazyKerbalnaut=5;tropho23=5;andrekir=5;clavo2=5;SR7673=5;RightHandMan1=5;IzzySoft=5;Donnie650=5;lucidnx=5;thebentern=5;fifieldt=5;MALAONE1=5;canadamadman=5;lkosson=5;RCGV1=5;RadioPapaXray=5;RaspberryProgramming=5;jaykayenn=4;garthvh=4;tb0hdan=4;jp-bennett=4;Marlontebaldi=4;mattdrum=4;MS3zr=4;Paul-Pressure=4;notmasteryet=4;Justin-Mann=4;thatSFguy=4;Eldin-The-Dragon=4;Nikotine1=4;livingdeath72=4;wwin3286tw=4;dl9sau=4;formiification=4;claesg=3;slavino=3;drewsed=3;nconder=3;IRainman=3;DarkFIxED=3;boby1975=3;ghostop14=3;GUVWAF=3;seydunatirej=3;edmkng=3;mtsdawson=3;erayd=3;David-Woodward=3;Bryang0syr=3;mgoljak=3;mrx23dot=3;barryhunter=3;TheDomanNow=3;joneyes=3;adingbatponder=3;todd-herbert=3;Talie5in=3;Dokument=3;stretchkerr=3;IlyaMZP=3;Ccz119=3;KC1OCY=3;Xaositek=3;danditomaso=3;bquinlan=3;Nevermore-42=3;Marek-mk=3;bergie=3;jekeam=3;glith=3;TapGhoul=3;bunder2015=3;NumbarZero=3;EA7JRS=3;F4EGX=3;dzid26=3;dpedu=3;fw190d13=3;Dafeman=2;tuxphone=2;luxonn=2;Bussemann=2;hb9eue=2;prampec=2;kokroo=2;mchisari=2;Vertikar=2;rwcts=2;joshbowyer=2;MaximKrasikov=2;semtex1987=2;caveman99=2;prurigro=2;pmarches=2;nickjanzen=2;Andrey-VD=2;mverch67=2;N1obu=2;fds2610=2;KeithMon=2;pdxlocations=2;tttmmmsss=2;mrekin=2;artiommocrenco=2;scotty123=2;ayysasha=2;tick-hack=2;Danie10=2;eldoctorcool=2;Ztrby=2;asjmcguire=2;danwelch3=2;SurfingSpider=2;karamo=2;AddisonTustin=2;kittenarmy=2;BobsBlueNorth=2;scotty6435=2;skykingisepic=2;KubaMiszcz=2;Synthacon=2;sqvery=2;jranma=2;phaseloop=2;Galdere=2;linsui=2;WJCFerguson=2;lewi3069=2;randrewfox=2;willp618=2;linker3000=2;roberthadow=2;tuxmobil=2;bmatic385=2;Stephen-S-H=2;rug1024=2;yetanothercarbot=2;alexholman=2;willhubs=2;ZeroZeroOne-dev=2;Mictronics=2;mygooglyeyes=2;oseiler2=2;Korb=2;HougeDK=2;kandev=2;mjvolante=2;rob-fi=2;poliver=2;infered5=2;mesb1=2;Stary2001=2;Ratio2=2;PvPDM=2;Snayler=2;gztproject=2;Pedrom-pt=2;DarkRanger935=2;elagin=2;girtsf=1;x2764tech=1;DeadlyDad=1;b3hr3ns=1;brianczapiga=1;lewisxhe=1;thomslik=1;feh123=1;TitanTronicsAlbania=1;chron0=1;gkelly=1;Alixpat=1;luandro=1;moxy-bc=1;PCRobert=1;DDVanMS2018=1;DingoOz=1;jduff001=1;datadrian=1;improvethings=1;LuckyFishGeek=1;stephen304=1;balazs-h=1;JamesM92=1;khimaros=1;nasprouse=1;rudiprinsloo=1;hellodtm=1;systemrok=1;ChromeBlue=1;joeysmart=1;SQ7HIT=1;sorvis=1;henricazottes=1;paulmandal=1;hpsaturn=1;zyrorl=1;CasualArclamp=1;vinloren=1;apt105=1;Xanuman=1;DakotaNelson=1;MeshM-M=1;Chiumanfu=1;jazap=1;jdstroy=1;ChuckNorrison=1;KiwiHC16=1;DarrenKS227=1;jacky4566=1;Beiri22=1;linagee=1;ernax78=1;amal1205=1;mcumings=1;kingoffoxes=1;KrustyDerClown=1;5rxp=1;djscoutmaster=1;tomcarlson=1;CHAUPTMANN=1;ri0t=1;tsilvs=1;jgoerzen=1;Noki=1;Discharge87=1;PWRxPSYCHO=1;zeitrechnen=1;EmileSpecs=1;lesykm=1;MihaiRF=1;MagicalSpacePope=1;djjayballz=1;hikk2003=1;IhorNehrutsa=1;mcayea95=1;problex=1;kevinb0=1;zjs81=1;Masterjagarn=1;micheljung=1;mchuzie=1;ozmy=1;krasi-georgiev=1;User12005=1;ramaboo=1;PhilipLykov=1;G2Dolphin=1;ajmcquilkin=1;ondrejtoral=1;nikito7=1;homesec24=1;kellytiger=1;renovate[bot]=1;Apfelwurm=1;Niximkk=1;hitachi8=1;marcluer=1;universal7=1;noffeperfekt=1;jyunte=1;johnnytshi=1;geoffwhittington=1;Ferretdog=1;crypto-smoke=1;lukipuki=1;radiodiscone=1;adriantache=1;ghsni=1;daviscodesbugs=1;KevinKW87=1;costonisp=1;btcpuertorico=1;BillyBag2=1;Sm1thson=1;null31=1;ctrose010=1;slash-bit=1;Kralg=1;Pscope=1;Sparqx73=1;M1CJX=1;2E0RPT=1;francisuk1989=1;frazzmatazz=1;SorenTheSwede=1;jp83=1;capslockapocalypse=1;djcasper1975=1;Marx1=1;AndreiRegiani=1;wzx6kwxr7j=1;geekfuns=1;BrunoKlu=1;lemonade1947=1;manatactical=1;faradayfedora=1;daniel-hofer=1;Heppie=1;dustingrady=1;slabua=1;KyleMaas=1;overlord23=1;chrisdebian=1;bixfliz=1;dougjeff=1;Emmpunkt=1;GiuStel=1;denis1482=1;pomazanbohdan=1;djoris=1;cyberorg=1;Mr-Philipp=1;M7OCM=1;alexn023=1;SimbimChimbetov=1;bagmanden=1;gawadepd07=1;jayroos=1;mudcamper=1;oguzcanking38=1;Marc12O=1;dawals1=1;Marvin-YYC=1;andymccall=1;jaredcat=1;vext01=1;int21=1;ADADarkpool=1;djholt=1;CamFlyerCH=1;Gremlin1987=1;Bergstern=1;noon92=1;SZemanek=1;nikvostro=1;easytarget=1;thefoeyouknow=1;369Martin369=1;DerWossi=1;F13bubble=1;j0hncc=1;jesseas=1;shoopes2=1;GuiSousa135=1;samo-nz=1;Pretzelkinss=1;ragnarblackmane=1;ndoo=1;geekscrapy=1;Franselbaer=1;rayslinky=1;Droopydroors=1;jimbolimbo3=1;wueeh=1;HB9HLI=1;PrintsLeo=1;liamcottle=1;FredB1959=1;sycophantic=1;ServeurpersoCom=1;epragalakis=1;rmeineke=1;DooMMasteR=1;OE3JGW=1;lupusworax=1;MagooYFZ=1;apoger=1;NH-RedAnt=1;IcyMidnight=1;draen=1;rothmma=1;skylarmt=1;liquidraver=1;hcker2000=1;fernandosanchezjr=1;rndmcnlly=1;techyporcupine=1;ikm19=1;ZuluZuluNL=1;brianshea2=1;MrMitch17=1;detlefgerhardt=1;KomelT=1;todd2982=1;mahlonsmith=1;jibinbabuamakkattu=1;jeremyherbert=1;tggege=1;arthurlutz=1;Vlaskursk=1;Velaxtor=1;sircotra=1;redfast00=1;mrickey=1;N7FMH=1;vidplace7=1;Deuteranomalous1=1;overkillthemighty=1;Avaloniac=1;AndrewReitz=1;tscharly=1;miawgogo=1;Astrodex-zz=1;krzotr=1;benjistokman=1;lamdar218=1;aghl100=1;kabili207=1;splendidmata=1;true911=1;candre23=1;zbenta=1;akhepcat=1;Grim1313=1;Timman6866=1;EmilioAL-Git=1;TheBamse=1;lendra-sejasa=1;andrewdevans=1;Dude5101=1;silvacharles=1;Soupbones=1;GoProProfi=1;Joseph-DiGiovanni=1;luijoel=1;dmarman=1;macvenez=1;Rhysun=1;zomgugoff=1;Afettu=1;rfschmid=1;Crank-Git=1;smokeandlights=1;paulwalko=1;ErikLentz=1;pretired=1;Rikku2000=1;F5UJA=1;KidA001=1;Phi-Wa=1;Brathahnchen=1;KoshiirRa=1;formtapez=1;BlacMac=1;nullmonk=1;StukyX=1;NicNull=1;cvzi=1;MarkR-UK=1;snake0073=1;py4xc=1;jhite1234=1;andrewheadricke=1;Mdawg09=1;matvasenin=1;serialrf433=1;kirinn600=1;DOC-HOC=1;emwjacobson=1;PabloGirol=1;unhold=1;versteckt89=1;twaddington=1;spaetz=1;mlnoga=1;jurgen2005=1;gafu42=1;cbvicious=1;c0dexter=1;MGJ520=1;DustinTrib=1;nakkisausage=1;ddamianus=1;MGMirdita=1;vekexasia=1;EnGamma=1;rohanssrao=1;voycey=1;frewsxcv=1;u451f=1;Davegsm82=1;tyzbit=1;realtag-github=1;digitisingsafety=1;OTLabs=1;Octane14=1;azwirko=1;grumpy-pirate=1;0xC4DE=1;bogdanvasut=1;mxair95000=1;sniporbob=1;SaschaKt=1;PitchPoler=1;Kongduino=1;rdx128=1;Sparkling-Ice=1;Yamaford=1;Stephan-2025=1;tommiahonen=1;sdsmithy=1;korbinianbauer=1;zrdcorp=1;mg95-16=1;Radiokot=1;jbevren=1;aniro=1;iforand=1;hp6393=1;b4b857f6ee=1;devicenull=1;KastenKlicker=1;dougblock=1;ZerdaFawkes=1;ZWatcher=1;mcangeli=1;adelobosko=1;PR31D=1;fizzyfuzzle=1;rafarsimoes=1;BurdMahn=1;heeplr=1;cardwellcd=1;ale-rinaldi=1;rosapanzer=1;Humble-Helper-96=1;nemanjan00=1;wjg57=1;licaon-kter=1;bigbn=1;JC-Conner=1;eureekasigns=1;garethmo=1;dblaber=1;skgsergio=1;AshleighTheCutie=1;morrowwm=1;tranziq=1;rensnederland=1;Domwilko1=1;BlitDev=1;mro95=1;udenfox=1;R6DJO=1;Slasher006=1;rojosios58=1;domasofan=1;Jord-JD=1;Hamberthm=1;31337-4554551n=1;krandu=1;mbjorck69=1;jschollenberger=1;ixvick=1;tsalisbury0=1;Bellirofont=1;emp3r0r7=1;hkramski=1;brad112358=1;vranki=1;Ron252525=1;luciomarinelli=1;antoni-devlin=1;ngarafol=1;vranisimo=1;AnaFerreira015=1;bricka=1;ha1em=1;dadanielat=1;mileshkin=1;Bestora=1;miketweaver=1;Andreotti100=1;d0ugak=1;simonebrunetti90-glitch=1;Vortetty=1;HarukiToreda=1;phreakmonkey=1;gpend=1;Draconas=1;tavdog=1;nilkemorya=1;PitPaul=1;ckuttruff=1;brunoarine=1;tinux7=1;secretmango=1;jrddupont=1;stemy2=1;MortTalmon=1;4rneee=1;Cassolotl=1;nreisbeck=1;l5yth=1;th3cavalry=1;Firokat=1;assanges=1;ShveyLien=1;notfence=1;Sonic3Modder=1;bankosegger=1;maples3=1;MHSEA=1;Will-wastelander=1;skobkin=1;laundmo=1;iuvi7=1;andrewamidei=1;FamousL=1;AquaFrostByte=1;ogarcia=1;Chris7X=1;Alexey5112=1;mnalis=1;villamany=1;bradparrott=1;LukaszWet=1;Sabering1=1;twojtachnio-ship-it=1;Redume=1;Stormtracker017=1;camopants=1;jesserockz=1;klikis=1,andrekir=426;jamesarich=379;github-actions[bot]=189;DaneEvans=110;geeksville=79;b8b8=63;garthvh=32;mc-hamster=20;shortwavesurfer2009=9;lgoix=5;thebentern=5;ccchdro=5;shalberd=4;mdecourcy=4;KrazyKerbalnaut=3;rcarteraz=3;cracky22=3;poliver=3;Pitel=3;IzzySoft=2;jp-bennett=2;caveman99=2;madeofstown=2;willhubs=2;ZeroZeroOne-dev=2;canadamadman=2;TapGhoul=2;RaspberryProgramming=2;brianczapiga=1;chron0=1;JamesM92=1;drewsed=1;zyrorl=1;prampec=1;jaykayenn=1;zeitrechnen=1;IhorNehrutsa=1;mcayea95=1;krasi-georgiev=1;tropho23=1;homesec24=1;marcluer=1;tick-hack=1;Donnie650=1;Kralg=1;ayysasha=1;Sparqx73=1;capslockapocalypse=1;lucidnx=1;BrunoKlu=1;Heppie=1;pomazanbohdan=1;AddisonTustin=1;gawadepd07=1;jaredcat=1;Talie5in=1;djholt=1;mtsdawson=1;notmasteryet=1;jsoberg=1;draen=1;ianmcorvidae=1;skykingisepic=1;hcker2000=1;techyporcupine=1;ZuluZuluNL=1;todd2982=1;jeremyherbert=1;krzotr=1;lamdar218=1;candre23=1;akhepcat=1;Timman6866=1;Joseph-DiGiovanni=1;Crank-Git=1;nullmonk=1;NicNull=1;Mictronics=1;snake0073=1;andrewheadricke=1;Justin-Mann=1;yetanothercarbot=1;PabloGirol=1;MGMirdita=1;Octane14=1;PitchPoler=1;Kongduino=1;Xaositek=1;livingdeath72=1;tommiahonen=1;zrdcorp=1;bunder2015=1;wwin3286tw=1;willp618=1;udenfox=1;linsui=1;luciomarinelli=1;mileshkin=1;NumbarZero=1
meshtastic/firmware,3310,264,3046,4.64,5.87,1579,173,geeksville=108;garthvh=106;mc-hamster=99;thebentern=35;NomDeTom=34;RCGV1=27;D4rk4=25;rcarteraz=23;fifieldt=23;tropho23=22;cracky22=19;Xaositek=19;a-f-G-U-C=18;karamo=18;FFAMax=18;crossan007=17;todd-herbert=17;sachaw=16;SR7673=15;Quency-D=15;HarukiToreda=15;h0lad=15;pedjas=15;caveman99=14;lupusworax=14;b8b8=13;ghost=12;mkinney=12;jp-bennett=12;ndoo=12;madeofstown=12;jranma=12;lesykm=11;mikecarper=11;mverch67=10;neopiccolorat=10;IZ1IVA=9;pdxlocations=9;feh123=8;ghostop14=8;GaryR-12=8;Szetya=8;bobricius=7;daniel-hofer=7;noon92=7;joneyes=7;Ccz119=7;Lolagatorade=7;liquidraver=7;jstockdale=7;shortwavesurfer2009=7;domusonline=7;drewsed=6;mofosyne=6;andrekir=6;Kollensperger=6;joshpirihi=6;megabyte2010=6;LolloDev5123=6;tb0hdan=6;bmidgley=6;prokrypt=6;EternityForest=6;mrekin=6;LanWolf=6;clwgh=6;ianmcorvidae=6;thatSFguy=6;MALAONE1=6;lagunacomputer=6;shalberd=6;willhubs=6;ogarcia=6;polarikus=6;kokoshell=6;Noki=5;ernax78=5;costonisp=5;arduionoGP=5;ReiHof=5;rpsainio=5;NickDolfin=5;mattdrum=5;habr05=5;KyleMaas=5;roha-github=5;Jorropo=5;Talie5in=5;Coopersmith-24601=5;sim1988son=5;RichieFrame=5;dl9sau=5;canadamadman=5;klikva=5;dreimal8=5;serialrf433=5;viric=5;mesb1=5;Ryu945=5;dakhnod=5;phaseloop=5;spattinson=4;claesg=4;Dafeman=4;slavino=4;Chiumanfu=4;KevinKW87=4;osmanovv=4;KrazyKerbalnaut=4;ajorg=4;hb9eue=4;runestone74=4;markbirss=4;amerinoj=4;djscoutmaster=4;charminULTRA=4;neilhao=4;samuelhj=4;Dtrieb=4;ajmcquilkin=4;micheljung=4;Donnie650=4;GPSFan=4;BobsBlueNorth=4;thoherr=4;ShakataGaNai=4;ddave47=4;Dorn8010=4;ponzano=4;denis1482=4;Oliver0804=4;Deuteranomalous1=4;vidplace7=4;TheMalkavien=4;samo-nz=4;krunchiekrunch=4;Woutvstk=4;esev=4;fzellini=4;Stephan-2025=4;PJ5168=4;philon-=4;Eldin-The-Dragon=4;pelgraine=4;jschrempp=4;ford-jones=4;girtsf=3;lburrowes=3;android606=3;Professr=3;ZebNZ=3;thomslik=3;DylanHoen=3;timgunter=3;ScriptBlock=3;vinloren=3;IRainman=3;rxt1077=3;PlumRugOfDoom=3;jaykayenn=3;kingoffoxes=3;RicInNewMexico=3;joshbowyer=3;rainerfritz=3;code8buster=3;lewisxhe=3;rohanki=3;Bergstern=3;sgofferj=3;GMart=3;Andrey-VD=3;PhilipLykov=3;jmgurney=3;MasterSPB=3;GUVWAF=3;Burnwald=3;Marlontebaldi=3;Kralg=3;samuk=3;Mictronics=3;rabarar=3;anm=3;Burny08=3;milkpirate=3;BjornB2=3;N1obu=3;weirdal3333=3;AssetBurned=3;AeroXuk=3;Slyke=3;shleeable=3;quimnut=3;armooo=3;slash-bit=3;Pigpog=3;a-li3n=3;mikechristiansen=3;sq5bpf=3;mdziczkowski=3;robertfoss=3;TheDomanNow=3;valzzu=3;battlehax=3;gitbisector=3;Technologyman00=3;adingbatponder=3;nextechDI=3;65a=3;kallisti5=3;mtsdawson=3;SavageU=3;CypressXt=3;AsterPraxidike=3;linker3000=3;Noworries23=3;nis0521=3;kquinsland=3;lunneswang=3;dchokola=3;Sabering1=3;danditomaso=3;elfring=3;nledevil=3;alexbadLV=3;willp618=3;QuadrifoglioVerde=3;chri2=3;pb2888=3;Fabryz=3;oscgonfer=3;kerosina=3;rapid32=3;Justin-Mann=3;ftrueck=3;soupysoap=3;OTLabs=3;JThramer=3;compumike=3;sendingstrings=3;h3lix1=3;korbinianbauer=3;RadioPapaXray=3;dem1tris=3;krisclarkdev=3;Tomas-Kuchta-FPV=3;texrg=2;SensorsIot=2;MGJ520=2;vaderj=2;paulcart1=2;rradar=2;kalon33=2;aHVzY2g=2;tuxphone=2;chron0=2;brianczapiga=2;Nicco-Male=2;plughie=2;ry-w=2;cronyx=2;wakareva=2;zyrorl=2;iz1kga=2;lmatte7=2;mraugit=2;KiwiHC16=2;syund=2;jamieduk=2;ANS-spb=2;mchisari=2;Vertikar=2;kokroo=2;rwcts=2;boby1975=2;chopstar001=2;CTLS=2;dikkedimi=2;arnotron=2;edegraaff=2;tavdog=2;IhorNehrutsa=2;EmilM256=2;seydunatirej=2;Krezalis=2;spm81=2;LO77ARO=2;mchuzie=2;Josh-SMU=2;Marc12O=2;alistair23=2;Tom9876=2;kri164=2;Nikguy321=2;cordelster=2;Eric-Sparks=2;dizcza=2;vinodcombat=2;ozmy=2;KodinLanewave=2;jharvey=2;ixt=2;Heltec-Aaron-Lee=2;kovar-ursa=2;drewzh=2;hdngr=2;pista01=2;kghunt=2;robbietee=2;Sheng2216=2;erayymz=2;gala-vine=2;Calimerorulez=2;Holyszewski=2;bmunger=2;rFronteddu=2;grahamrobertslx=2;el-samiyel=2;lucidnx=2;irreverends=2;cyberorg=2;jgspratt=2;BrunoKlu=2;oseiler2=2;muchomustacho=2;costinchirita=2;lordrak007=2;DavidPeterRoberts78=2;k1n6b0b=2;SteveHawk=2;eric-becker=2;miodzicho=2;Vanguard4893=2;petrkr=2;danielkucera=2;brloomis=2;NancyDeville=2;mzac=2;janveeh=2;spqr1234=2;mrx23dot=2;blu006=2;brad28b=2;robansaldo=2;jhbruhn=2;martinbogo=2;MrSiO=2;beegee-tokyo=2;gjelsoe=2;OE5DRO=2;sgtwilko=2;uguraltinsoy=2;kwccoin=2;jhps=2;DL4OCE=2;Json-181=2;dahanc=2;dmitrym-web=2;CamFlyerCH=2;powersjcb=2;eureekasigns=2;lboue=2;smarsh-biolinq=2;369Martin369=2;thefoeyouknow=2;allanmac=2;roens=2;jbuck2005=2;jirogit=2;xinrag=2;adamstern2000=2;meekowai=2;macvenez=2;NerfyGek0=2;Dude5101=2;JurajKubrican=2;todd2982=2;pagex=2;oherrala=2;Synthacon=2;lykamspam=2;afourney=2;SpudGunMan=2;Hnikar-az=2;peterhanneman=2;KamikazeYasha=2;redfast00=2;naskobogdanov=2;ve7wdm=2;rexido1=2;Alex-Pennington=2;Akstef=2;KC9SEB=2;jibinbabuamakkattu=2;violarulan=2;hpssjellis=2;alternativesurfer=2;xXxCryxXx=2;kstrauser=2;qkdxorjs1002=2;brauhausdc=2;jasonbcox=2;vogon=2;Ne00n=2;realtag-github=2;f4dvk=2;HougeDK=2;d4rkmen=2;bmatic385=2;surlyhacker=2;ForeheadFox=2;ArgoNavi=2;zmechu=2;LagoESP=2;roboraptor=2;Sandman224=2;mr-tbot=2;stevebeer=2;MichiganBroadband=2;EA2OY=2;SQ9PXB=2;therickster-cpu=2;sshtx=2;iuvi7=2;livingdeath72=2;zomgugoff=2;michaelmedellin=2;jake-b=2;blociot=2;wifiguru10=2;aseiger=2;K-Kloppstock=2;Uberseer=2;donsez=2;V8Joel=2;mihvoi=2;UncleAnti=2;miky2k=2;rsoennic=2;Elektron79=2;bshogeman=2;skgsergio=2;EA7JRS=2;uecken=2;k4m454k=2;Zanop=2;markusgritsch=2;formiification=2;Slasher006=2;roberthadow=2;dragon1020=2;lisachev=2;qhader=2;securityguy=2;jamesjsm=2;pierluigirotondo=2;StarDustFPV=2;volinvladim=2;31337-4554551n=2;tbankdev=2;kavemang=2;cs-453453=2;LaResilienceFr=2;marek22k=2;PvPDM=2;aayes89=2;StaticRocket=2;myxomop54=2;benmesander=2;rob-fi=2;lexfrei=2;jayanthbunny2659=2;dfav-mesh=2;kuroanji=2;Bjk8kds=2;smavridis=2;ldoolitt=2;duraseb=2;ArtGateOne=2;fw190d13=2;hyptx=2;sandos=2;ROSW6341=2;EntropyWorks=1;X-Ryl669=1;saket424=1;bodhar=1;iveskins=1;SeaDude=1;Byte1122=1;Deadolus=1;zsp1123=1;eriktheV-king=1;mehuman=1;r0kk3rz=1;mrvdb=1;rorosaurus=1;Aggebitter=1;frankenstein91=1;Harsh-28=1;ddv2005=1;palbeda=1;luxonn=1;lgoix=1;MeisterQ=1;z0ne0=1;mikeberry=1;shanemdowd=1;benner=1;Keristero=1;Alixpat=1;tschundler=1;bigal488=1;gkelly=1;nconder=1;Nannk=1;AlloryDante=1;retrodime=1;wzab=1;mightChamp=1;Kak1234=1;nils-werner=1;henkiejan1=1;ZL1LAC=1;in03=1;abhatikar=1;thepoweroftwo=1;Mschp=1;BoostWillis=1;rodavrow=1;lureexcitingsalads=1;lennisthemenace=1;karlhorky=1;arthurwolf=1;swe-Dan=1;mervmcrough=1;ohcdh=1;msm395=1;copykatze=1;xorbit=1;tcote19=1;dave032285=1;superjasiek=1;Xanuman=1;phil71994=1;AvronW=1;karl-baker=1;kylegordon=1;pwilen=1;michelepagot=1;Justin4462=1;dmitryelj=1;HookdomPonix=1;airjer18=1;tomasbrincil=1;NanoVHF=1;joarSv=1;Beiri22=1;cuongpham2110=1;mad-hammer=1;jared-labs=1;snake0073=1;jazap=1;ianmagnone=1;newtocrypto=1;prampec=1;sfjuocekr=1;VladTheSkewerer=1;cyberlink1=1;notthetup=1;anudeepsharma254=1;ryanjjennings=1;ricknun=1;ub3aiw=1;oe1rfc=1;roomme13=1;jobionekabnoi=1;bradshawlupton=1;truepilot=1;raldi=1;michaelkleinhenz=1;fangme=1;campbellcole=1;Diode663=1;cnf=1;logikal=1;dhubitetackle=1;oddllc=1;CHAUPTMANN=1;kombjuder=1;scottsweb=1;cabinlab=1;phenosys=1;0xcodedead=1;pcopa=1;CptScotchTape=1;vociferous-viking=1;nomore1007=1;aelmaker=1;llamaonaskateboard=1;scarolan=1;sircambridge=1;Walt-1000=1;PreBurntToast=1;newagedxer=1;CowboyPilot=1;simplyplant=1;tunip=1;jeremiah-k=1;pavelb-techspark=1;djjayballz=1;ptrhess=1;MihaiRF=1;BlipRanger=1;dmg244=1;he-leon=1;weber-software=1;svenna1980=1;hereiszee=1;xpinit=1;xman5735=1;BeenThereScrewedUp=1;Anonym-tsk=1;phxyz12=1;kevinb0=1;homesec24=1;mAsO1975=1;SamJe11y=1;TilCreator=1;uw5elk=1;ceskip=1;nukevoid=1;descention=1;linux150=1;rosmo=1;rudydevolder=1;tas246=1;MisterRager=1;khrystynaO=1;danilomna=1;gdt=1;porkcharsui=1;faydr=1;TRAHOMOTO=1;Fertrius=1;JosefSo=1;RandMental=1;vladbondarenko=1;rdavyd=1;loganmarchione=1;zarya=1;TheRealCryss=1;clownjoy=1;Elr0n=1;wyattearp=1;erstec=1;tmarkson=1;Max-Plastix=1;kkwestt=1;snowman982=1;Gischwa=1;fxwgr=1;erict-powersoft=1;Gary-in-Geneva=1;RUNNER2k23=1;mate71pl=1;SidedFreedom=1;Jeripimo=1;mdjurfeldt=1;swiftarf=1;me639276639936=1;stefa168=1;assada=1;kodiakastu=1;Juzzle1=1;Ultimate-raio01=1;rimwulf=1;crypto-smoke=1;reubenbijl=1;qjayjayp=1;S5NC=1;PabloVitasso=1;chunis=1;mr-suw=1;wnagele=1;stylesuxx=1;aat440hz=1;galvheim=1;dstewartgo=1;HORUS-UA=1;rolf-tx=1;attermann=1;dsrtfx=1;Evanito=1;vidalperezbohoyo=1;Ferretdog=1;dustin=1;lollo03=1;JasonBurchell76=1;RWilkus=1;yo3hjv=1;fuutott=1;moresecode=1;francisbautista=1;guthip=1;bogsnorkelling=1;asjmcguire=1;gblades=1;singletona082=1;Edgs=1;Ronda-00=1;guerradr=1;rikianeiros=1;spacepc-de=1;tavancini=1;RightHandMan1=1;pfeiffee=1;ric-tim=1;catchra=1;alandsidel=1;cshields=1;DE8MSH=1;BlackAvenger001=1;andyshinn=1;BillyBag2=1;Mariner10=1;AndyKirby=1;DomTheDorito=1;SignalMedic=1;Matzebhv=1;tomfarnham=1;tobymurray=1;KeithMon=1;RadioNur=1;2E0WKS=1;Lexorius=1;GiuStel=1;stl1988=1;jigpu=1;nothingmn=1;kmg0026=1;chmduquesne=1;CT5=1;Glennza1962=1;nukemrules=1;davis-gotenna=1;JanisPlayer=1;Jan-NiklasB=1;ulegan=1;kpbicka=1;audriusb=1;DooMMasteR=1;Bamorph=1;Obinice=1;eldoctorcool=1;jurriaan=1;Gitwhisky=1;gm5dna=1;ElectroMW=1;schich02=1;Winbuck1=1;ramdor=1;francisuk1989=1;uberhalit=1;jaredquinn=1;cohen-sydney=1;Danie10=1;David-Woodward=1;degan6=1;SenorFusion=1;ON2ON-HAM=1;apt105=1;garethhcoleman=1;gungriffonbr=1;kalikid021=1;hamishcunningham=1;rjDipcord=1;Mambo430=1;JordanEJ=1;brigante91=1;hpsaturn=1;TuffyDK=1;SubnetConflict=1;bilau20=1;SCWhite=1;punkpar=1;geekfuns=1;thelamedia=1;Marx1=1;acidvegas=1;aaro668=1;CohenMurray=1;azokthedefiler1=1;GregEigsti=1;barbabarros=1;grinco=1;mgoljak=1;3Dmaven=1;PhilRosa-Leeke=1;jkeilson=1;nikvostro=1;rc-adammikolajczyk=1;OrByR=1;ea3iav=1;xnyhps=1;JSP6668=1;vszander=1;panayotoff=1;Drake008=1;bsouth00=1;erikdewildt=1;CheeseIsGood27=1;sycophantic=1;gadiscz=1;oliveres=1;PaulOckenden=1;Adrelien=1;turbo2ltr=1;robot-penguin34=1;OskarZyg=1;jwcrawley=1;alexander-smyslov=1;xloem=1;gunkl=1;pepefrog1234=1;i-TomCZ=1;ab0oo=1;MadRC=1;ServeurpersoCom=1;FAte-CzE=1;njh=1;Plantucha=1;blue-plum=1;BRNSystems=1;Africmod=1;Obliterous=1;Boca-NeedM=1;Cisien=1;alloploha=1;RPN707=1;kchilton=1;MonstaB=1;kjake=1;LoRa-user=1;orhunavcu=1;squidjuice=1;netscylla=1;wayneoutthere=1;djekl=1;DaveD58=1;bombercoder=1;jmarler=1;sbusby9=1;pete4radio=1;blarson=1;VA2XJM=1;Niranjoyyengkhom=1;miltieIV2=1;vk2diy=1;ADADarkpool=1;Spogster=1;iu2frl=1;eljojo=1;musznik=1;vext01=1;Tzal3x=1;matthewbullweb=1;DRCIT-Tony=1;daviesgeek=1;bob109=1;soragan=1;guitarpicva=1;jasonseritt=1;magpie54=1;Martyfree123=1;ToeiRei=1;n0qbh=1;divebombdom=1;VE7OES=1;n5qm=1;MisterC925=1;SquishyBubble=1;ConnorDFWT=1;TheBamse=1;powerfeatherdev=1;dhskinner=1;CraCaNN=1;nhecker=1;jrouvier=1;augustozanellato=1;ilker-aktuna=1;richardbarkeriom=1;Bcpratt2000=1;fgaz=1;akrabu=1;spin1024=1;simon-muzi=1;boxaroost=1;captainchaosrules=1;Ztrby=1;LoganRickert=1;K1WIZ=1;docemiel=1;thespillmonkey=1;tahnok=1;rdyer39=1;ellisgl=1;JohnathonMohr=1;Th3H0ff=1;contra-bit=1;brekovcan=1;velasco79=1;mix127=1;ondras=1;bradisbell=1;mogorman=1;va7wv=1;mb106429=1;ufergus=1;MarkR-UK=1;JaraLowell=1;HarrisonW=1;JumpingCatRabbit=1;jointerCZ=1;nmaas87=1;hb9hha=1;Dokument=1;Madmesh=1;Davidm7cay=1;Helbigmedia=1;j75=1;dhchenault=1;alexbegoon=1;DomoArigatoMrGato=1;evenstephen=1;agieocean=1;tomhanax=1;nebman=1;joyel24=1;iondulgheru=1;aljaxus=1;Kezii=1;Taxom=1;mdesmedt=1;ragnarblackmane=1;etray=1;LowVoltagePirate=1;Tanay7=1;Lma-Mike-Zulu=1;Franselbaer=1;vitaminrad=1;bjpetit=1;fabrizio-zellini=1;corsairius=1;martinwozenilek=1;pharrup=1;cpatulea=1;CTassisF=1;turretkeeper=1;alcor55=1;juliatuttle=1;DanielCao0=1;overlord23=1;koliha=1;Enter-tainer=1;leshniak=1;drmzperx=1;bmmcwhirt=1;wdrei=1;Tie-fighter=1;duhow=1;Flappy0=1;dkastl=1;chairmanfaust=1;enif1=1;seagull9000=1;Mason10198=1;RichMar=1;mcccol=1;espssch=1;aarondong2005=1;SchmalzTech=1;Fastomat=1;oiaohm=1;ebaschiera=1;steefst33f=1;eiginn=1;recrof=1;dg1rue=1;A-c0rN=1;RasPix=1;isseysandei=1;sqvery=1;BenjaminGC=1;MichaelGer1410=1;rena2019=1;andrepcg=1;mentanah=1;lpspot=1;chixxi=1;devinmartin=1;tbr66=1;JohnTaipei=1;erayd=1;hawkeyes0v0=1;0x5c=1;kr15h=1;rjzak=1;Zetanova=1;PaoloneM=1;NH-RedAnt=1;KaliAssistant=1;elektra42=1;martinville=1;glitch003=1;jtrimbl=1;JoshBard=1;Spartan-II-117=1;morcant=1;vlturner=1;brebtatv=1;keith721=1;bmw2002e3=1;azwirko=1;tscharly=1;CraigwBowers=1;turnrye=1;mhcerri=1;jedahan=1;swdrumm=1;gfk69=1;joel-unifii=1;Richard3366=1;luisfromero=1;MeshBamaMark=1;henri=1;Lufthansen=1;OE9SAU=1;Patrick762=1;1nerdherder=1;hannesrauhe=1;AndrewLeonard707=1;edwar64896=1;sandinak=1;Supernovaes48=1;skyboysea=1;Dr-Gandalf=1;NightMadness=1;tylerbrevard=1;ThatKalle=1;trakais=1;TBNRregs=1;Supermath101=1;MeshTrafficObserver=1;az5456=1;Smith8154=1;jameshall9327=1;formtapez=1;JappyMondo=1;jgreusel1=1;benkyd=1;rfschmid=1;wz2b=1;starbasessd=1;puflet=1;tsalisbury0=1;MUSTARDTIGERFPV=1;Uroboros67=1;wingcomm=1;SQ6RDP=1;tronba=1;Techstuff313=1;renovate[bot]=1;masadams=1;dboa=1;dlitz=1;amatsumara=1;aghl100=1;Michel0001=1;dswinton=1;gerstees=1;Tissy=1;Basti77=1;itxpress=1;neosmith20=1;mauro-midolo=1;m1nl=1;db3000=1;ajhiii070=1;Geordon=1;zhjygit=1;snag1es=1;dima-78=1;humbertovnavarro=1;Samekk=1;hayschan=1;k8ieone=1;ATOMNFT=1;Genei180=1;tobiascrackz=1;Mishotpl=1;skykingisepic=1;dadecoza=1;dirksan28=1;ryftjet=1;wehooper4=1;Gardois=1;MomentumV=1;ProFiLeR4100=1;TeeSee64=1;OneSleeve=1;shadyslim2018=1;egzumer=1;dunk8888=1;jemarro12=1;jeremymcgee73=1;Styne13=1;marshalleq=1;Rikku2000=1;Nasimovy=1;JimTheCowboy=1;dokuhn=1;Crank-Git=1;jurgen2005=1;danye72=1;robbo987=1;rug1024=1;pleasantone=1;simbarre=1;Soupbones=1;blacksocket=1;Greg-C10=1;BrainHunter=1;Flyflinger=1;lahcim=1;recluse-so=1;monkeypants=1;Phi-Wa=1;WaarlandIT=1;Sparkling-Ice=1;dynahenry=1;andrewheadricke=1;kr4600=1;asimons04=1;yomanwill=1;insolentgeek=1;kyrikakis=1;j-p-f-f=1;argoufra=1;chrisportela=1;philbusby=1;4np=1;Jmorenope=1;Boa-Thomas=1;StewartSethA=1;alligitor=1;ToshikSoni=1;kabili207=1;DuckboxOffical=1;alexsavuto=1;bplein=1;WJ4IoT=1;0xgruber=1;MikeMesh=1;pashdown=1;Joseph-DiGiovanni=1;KZ1R=1;paul5410=1;chmadkk=1;softsmyth=1;laaledesiempre=1;kdHub=1;LostSoul3471=1;OverkillFPV=1;mischief=1;techycpa=1;RootPathFinder=1;philoyche=1;scalablecory=1;denro2=1;csrutil=1;OttoTheProg=1;Narkoleptika=1;Nevermore-42=1;RoganDawes=1;domasofan=1;rradillen=1;chriss899=1;davide125=1;AtomicJay=1;MagnusKos=1;agt=1;mygooglyeyes=1;CaptainCuddleCube=1;pdrobek=1;Improver2000=1;anti-vaxxer=1;jacob-l-s=1;rKsanu2MMYvypWePtQWM=1;DF2OO=1;SMHRambo=1;banksr1979=1;truongsinh=1;lhupyn=1;netureza-pt=1;ninjas005=1;euronautic=1;Gabrielpincara=1;hawkn=1;moialois=1;DaneEvans=1;MihaT2021=1;nuvious=1;Tommy-01=1;tuxmobil=1;porkcube=1;klausz=1;EthnTuttle=1;miroslavblazek=1;Paxy=1;epideme=1;szastan=1;foch=1;souldessin=1;holgerscherer=1;peterlavelle=1;daytonmesh=1;bunder2015=1;rpinewbie=1;jinnatar=1;overkillthemighty=1;gaspo1sky=1;jeremyd=1;EnygmaINC=1;noktoborus=1;dj505=1;QDX2545=1;git-kadflkalk=1;muzkr=1;incre77=1;tallavi=1;Roslund=1;Jppx=1;fr0stnk=1;Kazagumo=1;bergie=1;vranki=1;rapbando=1;gitwag=1;vitasam=1;jonbjohns=1;nazt=1;haidanvlad=1;Tannerpalin=1;alexl83=1;tcprado=1;paulf1965=1;Spire9=1;BurdMahn=1;Altoeroe=1;Nullvoid3771=1;gandinin=1;piotrret=1;PitchPoler=1;capricornusx=1;werewolf-25=1;l0g-lab=1;sparafucile=1;hotellonely=1;Pedrom-pt=1;GioBasi=1;dzaragoza=1;WillyJL=1;deavmi=1;k-smith197=1;Delta1977=1;mehow=1;dragonnn=1;userunix1=1;vd994=1;witherf0rk=1;JakubBialoskorski=1;QuietImCoding=1;goncalorijo=1;LOCOSP=1;groveld=1;JDJelectronics=1;Nash738850=1;wlockwood=1;lim3soft=1;ViezeVingertjes=1;vladm=1;blind-oracle=1;DrBrad=1;derfloh=1;J0kerFace=1;msantamariapr1=1;anemes=1;SuperSergeyK=1;plashchynski=1;Nikotine1=1;billygr=1;adamko-space=1;marrowbuster=1;ldfm=1;iuliandj=1;rjmcdougall=1;educationfutures=1;MitchBaker=1;SudoRand=1;kboxlabs=1;nasiralamreeki=1;Jckf=1;sandeepkumar0153=1;horrible-knots=1;big-edd=1;XinyuTan1985=1;borjam=1;jkrauska=1;slavaaaaaaaaaa=1;1nv=1;kodi1=1;peakascendr=1;ArtyomR102=1;FedricoCiccio=1;Kryoh-hash=1;kecalek13=1;foxlaw85=1;jbaenaxd=1;SquirrelsAteMyGarden=1;RAR=1;Brandon-T=1;zrdcorp=1;mcangeli=1;anatol-biohazrd-it=1;drozzzd2000=1;kyatsen=1;TheSpaceGod=1;ixvick=1;askmurphy=1;Onefabis=1;gizmo64k=1;gdiciocco=1;GP920=1;jbencina=1;hereismeaw=1;xoth42=1;hrusakcha=1;dblaber=1;mjvolante=1;jyojoh=1;CollinChidiac=1;seatsea=1;l5yth=1;JC-Conner=1;dalemcbeath=1;twied=1;speedloc=1;Roland65-debug=1;frafaster-afk=1;cn-schuh=1;hchak=1;westislander=1;Stary2001=1;teran1983=1;ygguser=1;xMIKx=1;Ikarus122=1;nkaminski=1;KyleTeal=1;TQBCPC=1;zhanglazhuan=1;infered5=1;VanceVagell=1;samm-git=1;thenoahcomputer=1;Magalex2x14=1;fukuen=1;benb0jangles=1;dzid26=1;dailrus=1;peptekmail=1;motababravo=1;rbomze=1;mkeshmirian=1;lukeswitz=1;ionelghita=1;pamidev=1;udenfox=1;webhive=1;jschollenberger=1;Radiokot=1;geirgp=1;mkszuba=1;ryanender3pro=1;Morph26=1;ping-localhost=1;4mzvzxryvk=1;Javito68=1;romainreignier=1;deybiyq-svg=1;AustinSaintAubin=1;copilador=1;khimaros=1;meshnerd=1;halldark=1;konimaru=1;Commifreak=1;htotoo=1;max-arnold=1;COBAzBzHOCKAX=1;NRG316=1;agster27=1;spfmoby=1;ivandal-77=1;dogvisor=1;TheDireHavok=1;tfoks=1;VictorVica=1;mileshkin=1;Zolotkey=1;dolvany=1;ventilator=1;rte989-rgb=1;sergeygalkin=1;webairstudio=1;tinubettler=1;mdecourcy=1;XTR1984=1;sjoerdvanderhoorn=1;viperet=1;newlaurent62=1;andres-a-git=1;jeffmhopkins=1;DavidBetea=1;samisepp=1;cwalther=1;PureGrain=1;4cnmpj8ry6-ops=1;vgpastor=1;WilsonBradley=1;kotovasia5120=1;Minfrog314=1;waltje=1;stephen304=1;justaPancakeGuy=1;nymda=1;Emile1154=1;Nicolayka=1;tilllt=1;nightly-brew=1;ScarpMarc=1;ZababurinSergei=1;ngarafol=1;LispEngineer=1;commanderts=1;ccchdro=1;gendebeat=1;radiohound=1;orbita2d=1;JhoGraessl=1;Nerd-9000=1;paigeadelethompson=1;ProjectMoon=1;RaymiiOrg=1;il77781=1;linser233=1;Aolkme=1;alexander-komarov-ibm=1;gys2005=1;Geofferey=1;akomakom=1;bidaian=1;Luigi-Pizzolito=1;VID-PRO=1;pete160at-create=1;ilivefreeagain=1;thewindandtherain=1;Budarov=1;mrseeker=1;alecperkins=1;quatrefall=1;djblueshift=1;nona00=1;Mikhal-S=1;preszka=1;MiloradCeo=1;Slankydudl=1;JBAU92=1;einolto=1;Sobollion=1;pliski=1;spirilis=1;davidn311=1;tdvdk=1;freecodecanada=1;Gnorizo=1;catequalsgood=1;PeterCCooke=1;dpaschal=1;mammuthus=1;aryadega=1;jimbo1969=1;referi=1;elliottkopp=1;MikeEitel=1;ecapuano=1;Bohr-a11y=1;RChadwick7=1;zohaibcodes9642=1;SergijF=1;Lyuso=1;janvinas=1;hafis328=1;jcourter=1;mikeholczer=1;barni007-pro=1;Valkornex=1;benseidler01=1;warpmaxx=1;EmanueleBenedettini=1;AeroMedic25=1;stm32repo=1;pozoo=1;mowaxuk=1;Onzeisnottwice=1;SLDiggie=1;arthurzenika=1;isgulkov=1;NearlCrews=1;kawashirov=1;EfesX=1;devryd=1;NobodyYouKnow=1;drveni=1;kb3cat=1;DGxInfinitY=1;gemini86=1;Homertrix=1;Drikanis=1;aramyan=1;SkyScream111=1;InspiringCode=1;tommyblue=1;sbiamonte=1;vamoroz=1;Monsterovich=1;wlcarden=1;markzbikowski=1;sneakylizard123-4=1;rancur=1;tylerpieper=1;ch40s=1;k9swx=1;friedpa=1;hehe3301=1;spawnrider=1;gregscoor=1;541263=1;Verminator-BFA=1;neuwirw=1;radonslide=1;maciejs20=1;nwf=1;mfortini=1;Pablitosalinero=1;3geETR=1;chemobook=1;TenoTrash=1;osMirat=1;IW2FAG-11=1;TheQWERTYCodr=1;Sashoid-x=1;meddix1951=1;maxevilmind=1;mhoye=1;roguespac3man=1;arthurlutz=1;dbl-0=1;Jeff-And=1,thebentern=533;garthvh=353;caveman99=175;geeksville=170;mc-hamster=156;github-actions[bot]=65;fifieldt=62;sachaw=57;GUVWAF=34;jp-bennett=22;andrekir=16;todd-herbert=11;a-f-G-U-C=9;code8buster=7;HarukiToreda=6;rcarteraz=5;thatSFguy=4;Professr=3;mkinney=3;rpsainio=3;mverch67=3;Xaositek=3;Szetya=3;GPSFan=3;samo-nz=3;claesg=2;aHVzY2g=2;tuxphone=2;Nicco-Male=2;crossan007=2;osmanovv=2;rxt1077=2;costonisp=2;markbirss=2;SR7673=2;BrunoKlu=2;NomDeTom=2;vidplace7=2;lupusworax=2;liquidraver=2;SeaDude=1;zsp1123=1;vaderj=1;ZebNZ=1;thomslik=1;Alixpat=1;drewsed=1;swe-Dan=1;ohcdh=1;lmatte7=1;tomasbrincil=1;joarSv=1;PlumRugOfDoom=1;joshpirihi=1;runestone74=1;sfjuocekr=1;kingoffoxes=1;notthetup=1;jobionekabnoi=1;truepilot=1;logikal=1;Vertikar=1;pcopa=1;scarolan=1;PreBurntToast=1;ghostop14=1;rohanki=1;Bergstern=1;tunip=1;lewisxhe=1;bobricius=1;BlipRanger=1;arduionoGP=1;samuelhj=1;hereiszee=1;Dtrieb=1;dikkedimi=1;tb0hdan=1;D4rk4=1;LO77ARO=1;Andrey-VD=1;descention=1;PhilipLykov=1;Marc12O=1;djscoutmaster=1;TRAHOMOTO=1;alistair23=1;vladbondarenko=1;loganmarchione=1;TheRealCryss=1;tmarkson=1;vinloren=1;charminULTRA=1;Gary-in-Geneva=1;ajmcquilkin=1;daniel-hofer=1;ajorg=1;mrekin=1;swiftarf=1;dizcza=1;kodiakastu=1;Juzzle1=1;RicInNewMexico=1;feh123=1;KodinLanewave=1;pdxlocations=1;dstewartgo=1;rolf-tx=1;Heltec-Aaron-Lee=1;BjornB2=1;bogsnorkelling=1;ric-tim=1;2E0WKS=1;Kralg=1;gm5dna=1;Holyszewski=1;Danie10=1;el-samiyel=1;lucidnx=1;degan6=1;jgspratt=1;rFronteddu=1;kalikid021=1;muchomustacho=1;armooo=1;JSP6668=1;KyleMaas=1;quimnut=1;erikdewildt=1;Talie5in=1;robertfoss=1;turbo2ltr=1;clwgh=1;alexander-smyslov=1;MadRC=1;Oliver0804=1;jranma=1;robansaldo=1;orhunavcu=1;netscylla=1;ponzano=1;bombercoder=1;oscgonfer=1;Lolagatorade=1;iu2frl=1;ShakataGaNai=1;DRCIT-Tony=1;battlehax=1;guitarpicva=1;n5qm=1;dhskinner=1;65a=1;Pigpog=1;ufergus=1;HarrisonW=1;hb9hha=1;tomhanax=1;nebman=1;mdesmedt=1;Woutvstk=1;DanielCao0=1;Synthacon=1;Flappy0=1;noon92=1;canadamadman=1;esev=1;isseysandei=1;Deuteranomalous1=1;h0lad=1;kquinsland=1;KamikazeYasha=1;PaoloneM=1;Sabering1=1
meshtastic/web,418,49,369,2.61,13.12,248,50,Hunter275=21;rcarteraz=18;danditomaso=12;roberthadow=9;philon-=9;TheAZtech=7;ajmcquilkin=6;Dtrieb=6;micheljung=6;cyberlink1=5;karamo=5;Obliterous=5;Xaositek=5;kingoffoxes=4;vinloren=4;Davidm7cay=4;RCGV1=4;andreworg=4;costonisp=3;Noki=3;pdxlocations=3;cracky22=3;thebentern=3;mrickey=3;realtag-github=3;bmatic385=3;mygooglyeyes=3;HB3YDM=3;kallisti5=3;caveman99=2;svtdoug=2;scarolan=2;ghost=2;ghostop14=2;arduionoGP=2;xman5735=2;bmidgley=2;krasi-georgiev=2;RandMental=2;stylesuxx=2;HarukiToreda=2;garthvh=2;chrisdrackett=2;KyleMaas=2;Talie5in=2;fifieldt=2;DrBlackross=2;benjaminchodroff=2;dzienisz=2;jwarchol=2;Boca-NeedM=2;adokitkat=2;pdm0393=2;AA7US=2;ESPnerd=2;jschrempp=2;loganmarchione=2;ragnarkarlsson=2;pleasantone=2;mehr-n=2;jsacrist=2;max-mapper=1;michaelkleinhenz=1;LolloDev5123=1;charminULTRA=1;accessiblepixel=1;educampos28=1;fabfurnari=1;sgofferj=1;giglioroninomicon=1;khimaros=1;goatzillax=1;IZ1IVA=1;Patrick762=1;D4rk4=1;Anonym-tsk=1;renekliment=1;Jasons81=1;homesec24=1;nickjanzen=1;devnulling=1;GMart=1;boucardos=1;RightHandMan1=1;K1WIZ=1;dandrzejewski=1;tobymurray=1;h0lad=1;daniel-hofer=1;prurigro=1;qjayjayp=1;wschnell=1;akmattb=1;dustin=1;petrkutalek=1;mattriney=1;pfeiffee=1;aptonline=1;TechMindsYT=1;thx8411=1;imzenreally=1;drewzh=1;Slyke=1;Mark-Adonteng=1;jp-bennett=1;Calimerorulez=1;SpudGunMan=1;kbtang88=1;lazarvgd=1;RobFisher=1;jasonfen=1;lincolnpjames=1;PixnBits=1;zmc=1;sq5bpf=1;mkgin=1;Kavitate=1;madeofstown=1;WattleFoxxo=1;AddisonTustin=1;tb0hdan=1;adamwearsblack=1;GUVWAF=1;Kealper=1;thespillmonkey=1;hammyMarc=1;zl3ag=1;fmoessbauer=1;andy1v=1;darkdragone=1;ianmcorvidae=1;Yeraze=1;5aji=1;cpatulea=1;auggie-lahey=1;Kaijur=1;torgr1m=1;Dezorian=1;mixpix=1;robot-stefan=1;skylarmt=1;notmasteryet=1;Sawadee2u=1;KomelT=1;RevRodge=1;jpryor223=1;edegraaff=1;brianshea2=1;alfi4000=1;justinforlenza=1;booogs=1;jamon=1;jason0x21=1;spommere=1;dieseltravis=1;varanauskas=1;ardlen=1;shortwavesurfer2009=1;dbiscoe11801=1;admurray256=1;natural1=1;David0669=1;robbo007=1;mconti=1;Hatchetman1169=1;rogerken1=1;diosdelamuerte659=1;jeepnjonny=1;ch3p4ll3=1;vidplace7=1;mrsec-dev=1;Sprout004=1;VR16-dev=1;snwvo7=1;OnyxClawe=1;dirksan28=1;sanderjo=1;aeblyve=1;gbdabomb=1;geirgp=1;dword4=1;Cale=1;blacksocket=1;willhubs=1;tjpaulsondev=1;teal-z=1;arthurzenika=1;broglep=1;sav-imagines=1;KF8CPT=1;madmalkav=1;randyg503=1;sivaelid=1;Soupbones=1;ghxstxch=1;emhoracek=1;TheyMadeMeChangeMyUsername=1;jekeam=1;f4erg=1;bergie=1;Fexiven=1;NellowTCS=1;14vd165=1;klausismegaevent=1;ford-jones=1;lmead8-jpg=1;agathakazar=1;jamesarich=1;glith=1;TechCowboy=1;lumagician=1;hsanjuan=1;domusonline=1;ik5xmk=1;Ri0Li=1;Azarattum=1;mesb1=1;benallfree=1;stanpodoba=1;danpeig=1;dshot92=1;jkautto=1;Nullvoid3771=1;alxkosykh=1;MokeyTech=1;MartinEmrich=1;rj-xy=1;tashpaugh=1;vranisimo=1;uniquepurpose=1;Samarkhanda=1;Pietro-Bruno-Lancerotto=1;sebder=1;Sepif=1;manatlan=1;kernelplv=1;reinerwandler-bit=1;PhoenixMesh=1;seamia=1;ca3uob-sketch=1;angelomorandi=1;rekcodocker=1;Nate53085=1;michaelsoft2k=1;Tuxprogrammer=1;simeonovp=1;rustycoon=1;ROSW6341=1,danditomaso=134;Hunter275=75;sachaw=63;thebentern=16;github-actions[bot]=14;fifieldt=7;garthvh=5;philon-=5;caveman99=3;cyberlink1=2;krasi-georgiev=2;HarukiToreda=2;Davidm7cay=2;KomelT=2;Noki=1;giglioroninomicon=1;goatzillax=1;arduionoGP=1;Anonym-tsk=1;micheljung=1;pdxlocations=1;tobymurray=1;stylesuxx=1;akmattb=1;dustin=1;RobFisher=1;mkgin=1;GUVWAF=1;Dezorian=1;rcarteraz=1;RevRodge=1;alfi4000=1;Boca-NeedM=1;rogerken1=1;OnyxClawe=1;dirksan28=1;realtag-github=1;AA7US=1;blacksocket=1;mygooglyeyes=1;kallisti5=1;ghxstxch=1;NellowTCS=1;Xaositek=1;domusonline=1;bmatic385=1;jkautto=1;rj-xy=1;seamia=1;roberthadow=1
mysociety/ceuk-marking,147,29,118,0.72,26.84,5,4,struan=128;zarino=15;alexander-griffen=2;emilyk383=1;sagepe=1,struan=100;zarino=14;sagepe=2;alexander-griffen=2
okfde/froide,436,107,329,1.92,33.64,118,21,rugk=46;HappyPony=32;stefanw=31;arnese=27;jfilter=22;GiantCrocodile=21;teriky=18;johnjohndoe=16;alehaa=11;ilf=10;fin=8;pdehaye=7;marians=6;rufuspollock=6;1000camels=6;krmax44=6;pajowu=6;ghost=5;k4l0ph41n=5;intrigus=5;amigalemming=5;onny=5;gabelula=4;clusti=4;riotbib=4;jfowl=4;mercuric=3;torfsen=3;Janfred=3;josaur=3;apoikola=2;TomiToivio=2;mattiasaxell=2;ryankanno=2;rixx=2;markuspoerschke=2;Jazzbaerchen=2;lenke182=2;eest9=2;LukeLR=2;juliuste=2;hejjoe=2;Unip0rn=2;codedust=2;wasnertobias=2;KreerC=2;jvm123=1;pefaymon=1;maliena=1;mgehling=1;domoritz=1;Feng-Gao=1;Ebolon=1;FeyP=1;Chuck83=1;jaakkokorhonen=1;Uzlopak=1;Kaligule=1;catcosmo=1;ffalt=1;Debakel=1;dotlambda=1;Alexander-Minyushkin=1;corny=1;astoorangi=1;stkdiretto=1;emilfihlman=1;boamaod=1;malteos=1;AleksiKnuutila=1;sliminas=1;michamilz=1;BjarneRest=1;muescha=1;MarcMichalsky=1;lobeck=1;joernheissler=1;schiederme=1;robbi5=1;luap42=1;JoelB911=1;basti-schr=1;atomtigerzoo=1;TheMinefighter=1;CubicrootXYZ=1;CSDUMMI=1;TheRadialActive=1;pc-coholic=1;gislars=1;AjaxSantos=1;thielema=1;MatthiasMoeser=1;shukari=1;moritzgloeckl=1;sthapa=1;dj00686=1;HorayNarea=1;foss-=1;MagdaN=1;jasperroloff=1;cpresser=1;politikundbildung=1;pernonides=1;michael-schwarz=1;freddy36=1;veni-vidi-code=1;RouxChristian=1;martincodes-de=1;cvoelkerhh=1;bebr43=1;Zeitungsleser=1;wortmanncallejon=1;autoantwort=1;norbertschuler=1;besendorf=1;Blackoverflow=1;michaelzehetleitner=1;bikubi=1,stefanw=187;arnese=103;pajowu=10;krmax44=7;HappyPony=2;jfilter=2;rugk=2;teriky=2;bikubi=2;mgehling=1;gabelula=1;Uzlopak=1;rixx=1;torfsen=1;lenke182=1;fin=1;alehaa=1;HorayNarea=1;foss-=1;MagdaN=1;onny=1
openplans/shareabouts,126,74,52,0.99,93.54,20,8,fkh=70;mjumbewu=16;dluxe=10;BenSturmfels=6;linndavis=4;stevevance=3;AAisenberg=3;andycochran=2;apramana=1;wboykinm=1;aplannersguide=1;geoplanet=1;tmeasday=1;josephcjohnsonjr=1;eveostay=1;stevenjan=1;willNaylor=1;farrjp=1;TownofMiamiLakes=1;JohnBrooking=1,fkh=22;mjumbewu=13;BenSturmfels=11;andycochran=2;apramana=1;atogle=1;geoplanet=1;tmeasday=1
